,reddit image,imkg image,score
0,./data/wholesomememes/aydzuv8alm9b1.jpg,https://i.imgflip.com/3aln71.jpg,0.7289329
1,./data/wholesomememes/5d1kz3fwfm9b1.png,https://i.imgflip.com/1q1543.jpg,0.7237616
2,./data/wholesomememes/g7juusas7m9b1.jpg,https://i.imgflip.com/3f5vz3.jpg,0.7004489
3,./data/wholesomememes/9ef1tfkql5c31.jpg,https://i.imgflip.com/4dx4hx.jpg,0.7772784
4,./data/wholesomememes/l5yk2qpc6m9b1.png,https://i.imgflip.com/3f5vz3.jpg,0.76379895
5,./data/wholesomememes/muyrx2brzl9b1.jpg,https://i.imgflip.com/2f7oez.jpg,0.7410735
6,./data/wholesomememes/r6b2kh4ttl9b1.jpg,https://i.imgflip.com/3i1tob.jpg,0.78174126
7,./data/wholesomememes/ras5nys22l9b1.jpg,https://i.imgflip.com/59v56p.jpg,0.7261603
8,./data/wholesomememes/cj8svhpwuk9b1.png,https://i.imgflip.com/3grai1.jpg,0.7812717
9,./data/wholesomememes/4cc1mpvftk9b1.png,https://i.imgflip.com/2318k5.jpg,0.77020305
10,./data/wholesomememes/gsbfyj0rck9b1.jpg,https://i.imgflip.com/101qt8.jpg,0.74955
11,./data/wholesomememes/cfifgh4a8k9b1.jpg,https://i.imgflip.com/30x8s0.jpg,0.70937294
12,./data/wholesomememes/527jsxhrwj9b1.jpg,https://i.imgflip.com/287qcu.jpg,0.7238847
13,./data/wholesomememes/dln2g0ldbi9b1.jpg,https://i.imgflip.com/3c2w4y.jpg,0.8284617
14,./data/wholesomememes/btmg25ri6i9b1.jpg,https://i.imgflip.com/2dh3wf.jpg,0.8072919
15,./data/wholesomememes/o5z9dar31i9b1.jpg,https://i.imgflip.com/2e5h36.jpg,0.74791634
16,./data/wholesomememes/w50f0mz4vh9b1.jpg,https://i.imgflip.com/38nufj.jpg,0.72696155
17,./data/wholesomememes/dwmjz0frih9b1.jpg,https://i.imgflip.com/2bp5ch.jpg,0.7662474
18,./data/wholesomememes/8nqnqgp50h9b1.jpg,https://i.imgflip.com/1of7vg.jpg,0.70729506
19,./data/wholesomememes/jxvnb99sig9b1.jpg,https://i.imgflip.com/28vqdf.jpg,0.7135292
20,./data/wholesomememes/qw1lbhh1bg9b1.jpg,https://i.imgflip.com/103jc9.jpg,0.7193454
21,./data/wholesomememes/5xw643lrrf9b1.jpg,https://i.imgflip.com/313a6b.jpg,0.71502113
22,./data/wholesomememes/tbzimwremf9b1.jpg,https://i.imgflip.com/2t1qoo.jpg,0.7340104
23,./data/wholesomememes/8vutpc4hjf9b1.jpg,https://i.imgflip.com/2318k5.jpg,0.78650534
24,./data/wholesomememes/gwpq6sud8f9b1.png,https://i.imgflip.com/59v56p.jpg,0.76097643
25,./data/wholesomememes/h8mhf9t38f9b1.png,https://i.imgflip.com/3g5okm.jpg,0.85899127
26,./data/wholesomememes/mc3bg7n87f9b1.png,https://i.imgflip.com/36j9tn.jpg,0.7139163
27,./data/wholesomememes/cur8lpyt6f9b1.jpg,https://i.imgflip.com/18ftjj.jpg,0.8416853
28,./data/wholesomememes/3xpvnnsh6f9b1.jpg,https://i.imgflip.com/3f5vz3.jpg,0.7331606
29,./data/wholesomememes/uo9f39upie9b1.jpg,https://i.imgflip.com/2jno74.jpg,0.7196928
30,./data/wholesomememes/pvjhn6kvde9b1.jpg,https://i.imgflip.com/3axzoa.jpg,0.81856763
31,./data/wholesomememes/wzl9vm3a4e9b1.jpg,https://i.imgflip.com/140jx6.jpg,0.7803601
32,./data/wholesomememes/x2u6sn473e9b1.jpg,https://i.imgflip.com/2bp5ch.jpg,0.7662474
33,./data/wholesomememes/rdilxakg2e9b1.jpg,https://i.imgflip.com/3mcrnj.jpg,0.70199513
34,./data/wholesomememes/2oi5xz63yd9b1.jpg,https://i.imgflip.com/2dh3wf.jpg,0.863446
35,./data/wholesomememes/sowjpcsnvd9b1.jpg,https://i.imgflip.com/3p0i0x.jpg,0.7315315
36,./data/wholesomememes/j8jhfp9mud9b1.jpg,https://i.imgflip.com/4ak3uf.jpg,0.8021663
37,./data/wholesomememes/dke1dyrutd9b1.png,https://i.imgflip.com/2f7oez.jpg,0.72711897
38,./data/wholesomememes/jz2q5z7xad9b1.jpg,https://i.imgflip.com/30r3lc.jpg,0.7195991
39,./data/wholesomememes/grruzripsc9b1.jpg,https://i.imgflip.com/3iese3.jpg,0.76336646
40,./data/wholesomememes/fmzdqnsylc9b1.png,https://i.imgflip.com/2yc6d8.jpg,0.70005375
41,./data/wholesomememes/1pnt8qii0c9b1.png,https://i.imgflip.com/3mcrnj.jpg,0.784051
42,./data/wholesomememes/7rtdl6t40c9b1.png,https://i.imgflip.com/2gr1ns.jpg,0.78916
43,./data/wholesomememes/oh1y37yzp99b1.jpg,https://i.imgflip.com/2idmtr.jpg,0.7144772
44,./data/wholesomememes/2881hnyof99b1.jpg,https://i.imgflip.com/2f7oez.jpg,0.73952854
45,./data/wholesomememes/ukxyzyenv89b1.jpg,https://i.imgflip.com/36j9tn.jpg,0.70066595
46,./data/wholesomememes/ryr2fhb6k89b1.jpg,https://i.imgflip.com/3iese3.jpg,0.7057959
47,./data/wholesomememes/mtx6jhh3g89b1.jpg,https://i.imgflip.com/3iese3.jpg,0.79552174
48,./data/wholesomememes/rkhhyer0589b1.jpg,https://i.imgflip.com/3i1tob.jpg,0.80432695
49,./data/wholesomememes/cnji7pw2489b1.jpg,https://i.imgflip.com/109hs8.jpg,0.74330276
50,./data/wholesomememes/d37811wr979b1.jpg,https://i.imgflip.com/2wyzxm.jpg,0.73665714
51,./data/wholesomememes/1zwqis8g679b1.jpg,https://i.imgflip.com/2e5h36.jpg,0.76643753
52,./data/wholesomememes/v1vm2dp5379b1.png,https://i.imgflip.com/4cb1yi.jpg,0.7146441
