Object Name,Date
PoliticalMemes/,2023-07-06 02:35:41+00:00
PoliticalMemes/-KwSG9Z2c7WDGMVcJlDAiVFD3RbfsnuLuIK6Tjz8IB0.jpg?auto=webp&s=a75f7cfda7c006c7a3b4499e9e2efc0d85d6a0cf,2023-08-01 20:07:10+00:00
PoliticalMemes/01eu871oq08b1.png,2023-07-06 02:43:24+00:00
PoliticalMemes/02nunjvkcxcb1.gif,2023-07-20 05:20:35+00:00
PoliticalMemes/04ftqzknjceb1.jpg,2023-08-01 20:06:26+00:00
PoliticalMemes/04ho3v30ckdb1.jpg,2023-07-24 00:07:43+00:00
PoliticalMemes/04v627ety89b1.jpg,2023-07-06 02:41:38+00:00
PoliticalMemes/04wx0vd25t6b1.png,2023-07-06 02:45:18+00:00
PoliticalMemes/06c6qyn5ozab1.jpg,2023-07-18 06:57:35+00:00
PoliticalMemes/06jnqyafk8db1.jpg,2023-07-24 00:08:02+00:00
PoliticalMemes/06tksgfc1y7b1.png,2023-07-06 02:43:47+00:00
PoliticalMemes/07qkidetxlfb1.jpg,2023-08-03 19:52:14+00:00
PoliticalMemes/07qs86m5pkeb1.jpg,2023-08-01 20:05:40+00:00
PoliticalMemes/08bfyzini63b1.jpg,2023-07-06 02:52:02+00:00
PoliticalMemes/08jdwtyf1r8b1.jpg,2023-07-06 02:42:32+00:00
PoliticalMemes/08pk5zakmjbb1.jpg,2023-07-16 19:47:01+00:00
PoliticalMemes/0HLH8FR.jpg,2023-07-06 02:44:10+00:00
PoliticalMemes/0b61ike16keb1.jpg,2023-07-27 19:31:26+00:00
PoliticalMemes/0cgeyv3qp58b1.jpg,2023-07-06 02:43:15+00:00
PoliticalMemes/0cyftswlykfb1.jpg,2023-08-03 19:53:15+00:00
PoliticalMemes/0dnynr0a8u3b1.png,2023-07-06 02:51:02+00:00
PoliticalMemes/0fjurned0yeb1.jpg,2023-08-01 20:04:38+00:00
PoliticalMemes/0h3h97wfalfb1.jpg,2023-08-03 19:52:39+00:00
PoliticalMemes/0h8ea68ap4bb1.jpg,2023-07-18 06:57:31+00:00
PoliticalMemes/0h8yx8jowfeb1.jpg,2023-08-01 20:06:04+00:00
PoliticalMemes/0hw7gtz4hwbb1.jpg,2023-07-18 06:56:56+00:00
PoliticalMemes/0kgy2ayjai4b1.jpg,2023-07-06 02:50:07+00:00
PoliticalMemes/0kjqqr8wjteb1.jpg,2023-08-01 20:05:05+00:00
PoliticalMemes/0kl5qomd3t5b1.jpg,2023-07-06 02:47:20+00:00
PoliticalMemes/0l87hthfgrdb1.jpg,2023-07-24 00:07:34+00:00
PoliticalMemes/0lf8j9n423cb1.jpg,2023-07-18 06:56:47+00:00
PoliticalMemes/0lh6brlyrydb1.jpg,2023-08-01 20:07:28+00:00
PoliticalMemes/0mhov8kxdg5b1.jpg,2023-07-06 02:47:55+00:00
PoliticalMemes/0npzmscmfs2b1.jpg,2023-07-06 02:52:30+00:00
PoliticalMemes/0nvej81sqg7b1.jpg,2023-07-06 02:44:24+00:00
PoliticalMemes/0sz1a0hlxxcb1.jpg,2023-07-20 05:20:34+00:00
PoliticalMemes/0uyugmq55o8b1.jpg,2023-07-06 02:42:41+00:00
PoliticalMemes/0v7i9jgh25fb1.jpg,2023-08-01 20:04:08+00:00
PoliticalMemes/0v9adwd1xxfb1.jpg,2023-08-03 19:47:59+00:00
PoliticalMemes/11kxjnq9n45b1.jpg,2023-07-06 02:48:36+00:00
PoliticalMemes/122u9obztjfb1.jpg,2023-08-01 20:02:54+00:00
PoliticalMemes/12schg68hoab1.jpg,2023-07-18 06:57:45+00:00
PoliticalMemes/13mbmsh59wfb1.jpg,2023-08-03 19:49:00+00:00
PoliticalMemes/13p14swq4q2b1.png,2023-07-06 02:52:32+00:00
PoliticalMemes/13rond4kcgab1.png,2023-07-18 06:57:54+00:00
PoliticalMemes/14yboxn0tbcb1.jpg,2023-07-18 06:56:37+00:00
PoliticalMemes/15xugtaroucb1.jpg,2023-07-20 05:20:39+00:00
PoliticalMemes/17gww9et308b1.png,2023-07-06 02:43:30+00:00
PoliticalMemes/18lw3znajccb1.jpg,2023-07-18 06:56:36+00:00
PoliticalMemes/18of6tg3kv8b1.jpg,2023-07-06 02:42:08+00:00
PoliticalMemes/18rk843ytyab1.jpg,2023-07-18 06:57:38+00:00
PoliticalMemes/1Mqdul7141h5V2Z3kAydLPpkxOl8H0dN7DozVvYODPQ.gif?format=png8&s=e09f0e7365c68f7e04c5d8dec98e18ca259ed8df,2023-07-18 06:56:43+00:00
PoliticalMemes/1bsrabm0rd4b1.jpg,2023-07-06 02:50:23+00:00
PoliticalMemes/1dgiyx95y95b1.jpg,2023-07-06 02:48:23+00:00
PoliticalMemes/1ezwmb2kzt5b1.jpg,2023-07-06 02:47:14+00:00
PoliticalMemes/1fp9rvr8urcb1.jpg,2023-07-20 05:20:47+00:00
PoliticalMemes/1fxgsqel1meb1.jpg,2023-07-28 19:49:44+00:00
PoliticalMemes/1go7ualwahdb1.jpg,2023-07-24 00:07:51+00:00
PoliticalMemes/1h8urnfnvydb1.jpg,2023-08-01 20:07:25+00:00
PoliticalMemes/1jiiegvzzi5b1.jpg,2023-07-06 02:47:49+00:00
PoliticalMemes/1l66016jfz6b1.jpg,2023-07-06 02:45:03+00:00
PoliticalMemes/1ll423vltieb1.jpg,2023-08-01 20:05:49+00:00
PoliticalMemes/1mxkvqny70db1.jpg,2023-07-20 05:20:30+00:00
PoliticalMemes/1onitcos2p6b1.jpg,2023-07-06 02:45:24+00:00
PoliticalMemes/1pb7l6a7l33b1.jpg,2023-07-06 02:52:08+00:00
PoliticalMemes/1pv7x63e7t5b1.jpg,2023-07-06 02:47:19+00:00
PoliticalMemes/1qdi7oxl8e7b1.jpg,2023-07-06 02:44:35+00:00
PoliticalMemes/1qectgtamb7b1.png,2023-07-06 02:44:40+00:00
PoliticalMemes/1r47ra540k5b1.jpg,2023-07-06 02:47:45+00:00
PoliticalMemes/1rj0up2nhg7b1.png,2023-07-06 02:44:25+00:00
PoliticalMemes/1s4a7ixnqaeb1.jpg,2023-08-01 20:06:30+00:00
PoliticalMemes/1sl97bh9f6fb1.png,2023-08-01 20:04:00+00:00
PoliticalMemes/1uvwfpzfa7bb1.jpg,2023-07-18 06:57:27+00:00
PoliticalMemes/1v3ua1w21mfb1.jpg,2023-08-03 19:52:07+00:00
PoliticalMemes/1vkx7sqzll7b1.jpg,2023-07-06 02:44:12+00:00
PoliticalMemes/1w9c56gksvdb1.jpg,2023-08-01 20:07:42+00:00
PoliticalMemes/1whzv2dq676b1.png,2023-07-06 02:46:28+00:00
PoliticalMemes/1yasgag8nf4b1.jpg,2023-07-06 02:50:18+00:00
PoliticalMemes/23asprath99b1.jpg,2023-07-06 02:41:36+00:00
PoliticalMemes/24dsh2hjkfcb1.jpg,2023-07-18 06:56:21+00:00
PoliticalMemes/25w85q1t10ab1.jpg,2023-07-06 02:40:44+00:00
PoliticalMemes/27ebsji9mufb1.jpg,2023-08-03 19:49:16+00:00
PoliticalMemes/27xnnmq6ae8b1.jpg,2023-07-06 02:43:03+00:00
PoliticalMemes/28pq8qryga6b1.jpg,2023-07-06 02:46:12+00:00
PoliticalMemes/2ainu1ki60db1.jpg,2023-07-20 05:20:32+00:00
PoliticalMemes/2aq4xmx94xeb1.jpg,2023-08-01 20:04:49+00:00
PoliticalMemes/2axeid7upgeb1.jpg,2023-08-01 20:06:02+00:00
PoliticalMemes/2b9ajm1u0feb1.jpg,2023-08-01 20:06:09+00:00
PoliticalMemes/2c126sb9xxfb1.jpg,2023-08-03 19:48:00+00:00
PoliticalMemes/2c3p9kcwxh9b1.jpg,2023-07-06 02:41:16+00:00
PoliticalMemes/2cbjhgdnbkab1.jpg,2023-07-18 06:57:49+00:00
PoliticalMemes/2cubhlq3z02b1.jpg,2023-07-06 02:53:48+00:00
PoliticalMemes/2d8on5yaf24b1.jpg,2023-07-06 02:50:47+00:00
PoliticalMemes/2fcqvuwoq05b1.jpg,2023-07-06 02:49:03+00:00
PoliticalMemes/2gim5uve719b1.jpg,2023-07-06 02:42:06+00:00
PoliticalMemes/2htgrctwws4b1.jpg,2023-07-06 02:49:36+00:00
PoliticalMemes/2ii1ofss9ucb1.jpg,2023-07-20 05:20:41+00:00
PoliticalMemes/2kfoem4tanfb1.jpg,2023-08-03 19:51:36+00:00
PoliticalMemes/2kzzzktxogfb1.jpg,2023-08-01 20:03:20+00:00
PoliticalMemes/2l7uw61ugseb1.jpg,2023-08-01 20:05:08+00:00
PoliticalMemes/2m0ny8q2no2b1.png,2023-07-06 02:52:35+00:00
PoliticalMemes/2mqd9m9wti8b1.jpg,2023-07-06 02:42:52+00:00
PoliticalMemes/2ns64ii3ku6b1.png,2023-07-06 02:45:13+00:00
PoliticalMemes/2otl8vzlzu9b1.jpg,2023-07-06 02:40:46+00:00
PoliticalMemes/2oyocfd3y4eb1.jpg,2023-08-01 20:06:57+00:00
PoliticalMemes/2q11hbh2yu9b1.jpg,2023-07-06 02:40:48+00:00
PoliticalMemes/2rn533tt8a9b1.jpg,2023-07-06 02:41:33+00:00
PoliticalMemes/2trj2exdz89b1.jpg,2023-07-06 02:41:37+00:00
PoliticalMemes/2uhvbUGn9XfsYbDyOPvfQga7Fo5kYyU_Wyrp1EWB_Fo.png?format=pjpg&auto=webp&v=enabled&s=4ffab1e3c37a6ee8e667bf7686d4be747aea6135,2023-07-06 02:46:55+00:00
PoliticalMemes/2us6jntqikdb1.jpg,2023-07-24 00:07:43+00:00
PoliticalMemes/2wjnlnmr5i8b1.png,2023-07-06 02:42:52+00:00
PoliticalMemes/2xcdk1719w4b1.jpg,2023-07-06 02:49:22+00:00
PoliticalMemes/2znb5ob5vqdb1.png,2023-07-24 00:07:37+00:00
PoliticalMemes/2znsvbukkd2b1.png,2023-07-06 02:53:11+00:00
PoliticalMemes/2zqx93vh528b1.jpg,2023-07-06 02:43:22+00:00
PoliticalMemes/300q8vgmvfab1.jpg,2023-07-18 06:57:55+00:00
PoliticalMemes/35exg1qffceb1.jpg,2023-07-26 19:42:32+00:00
PoliticalMemes/35u4u3v0vq7b1.png,2023-07-06 02:44:00+00:00
PoliticalMemes/36ljujjy8efb1.jpg,2023-08-01 20:03:30+00:00
PoliticalMemes/37fwb48xad6b1.jpg,2023-07-06 02:46:05+00:00
PoliticalMemes/37umnjqrf05b1.jpg,2023-07-06 02:49:04+00:00
PoliticalMemes/3F2X4Gk.jpg,2023-07-06 02:46:12+00:00
PoliticalMemes/3bhmv341jg4b1.jpg,2023-07-06 02:50:14+00:00
PoliticalMemes/3d0uvdx1tdab1.jpg,2023-07-06 19:15:16+00:00
PoliticalMemes/3dkxf502eyza1.jpg,2023-07-06 02:53:51+00:00
PoliticalMemes/3dvyh1n1fv6b1.jpg,2023-07-06 02:45:10+00:00
PoliticalMemes/3ecviip3cf6b1.jpg,2023-07-06 02:45:54+00:00
PoliticalMemes/3g4wpqkcke7b1.jpg,2023-07-06 02:44:31+00:00
PoliticalMemes/3g7vko57ducb1.jpg,2023-07-20 05:20:41+00:00
PoliticalMemes/3hgqixvnao5b1.jpg,2023-07-06 02:47:31+00:00
PoliticalMemes/3hmta80xm0ab1.jpg,2023-07-06 02:40:43+00:00
PoliticalMemes/3ijztfsb0m6b1.jpg,2023-07-06 02:45:32+00:00
PoliticalMemes/3iv8x1gwklcb1.jpg,2023-07-18 06:56:22+00:00
PoliticalMemes/3j8mzzvzgeab1.jpg,2023-07-18 06:57:57+00:00
PoliticalMemes/3kcbxwjrh3cb1.jpg,2023-07-18 06:56:45+00:00
PoliticalMemes/3kgm1fz6p14b1.png,2023-07-06 02:50:51+00:00
PoliticalMemes/3lli8jju502b1.gif,2023-07-06 02:53:57+00:00
PoliticalMemes/3lsz1719c3fb1.jpg,2023-08-01 20:04:15+00:00
PoliticalMemes/3m5q3x5nspcb1.jpg,2023-07-20 05:20:54+00:00
PoliticalMemes/3mj7i6peru8b1.jpg,2023-07-06 02:42:24+00:00
PoliticalMemes/3nbmx1ewhecb1.jpg,2023-07-18 06:56:31+00:00
PoliticalMemes/3nco6dyh27cb1.jpg,2023-07-18 06:56:41+00:00
PoliticalMemes/3oxx3679e0eb1.jpg,2023-08-01 20:07:22+00:00
PoliticalMemes/3pzhytskfa2b1.jpg,2023-07-06 02:53:27+00:00
PoliticalMemes/3q6u44ce666b1.jpg,2023-07-06 02:46:30+00:00
PoliticalMemes/3qsg51135t3b1.jpg,2023-07-06 02:51:06+00:00
PoliticalMemes/3rqYTOL_GX_6uXQfeMi-5XgcUGtzwBTlJvMxw_eMfDo.png?format=pjpg&auto=webp&s=73735544086a9e3a37bce98a618ba01a362a531e,2023-07-18 06:57:29+00:00
PoliticalMemes/3rqYTOL_GX_6uXQfeMi-5XgcUGtzwBTlJvMxw_eMfDo.png?format=pjpg&auto=webp&v=enabled&s=3c38e5cb6ad698030de9db750ac06356a4dda5cd,2023-07-10 19:48:46+00:00
PoliticalMemes/3sugy0ew3g3b1.png,2023-07-06 02:51:38+00:00
PoliticalMemes/3syjhxinpy7b1.jpg,2023-07-06 02:43:46+00:00
PoliticalMemes/3tbydjsdj4db1.jpg,2023-07-24 00:08:10+00:00
PoliticalMemes/3ujzkrgtgr3b1.jpg,2023-07-06 02:51:02+00:00
PoliticalMemes/3upt3972dedb1.jpg,2023-07-24 00:07:55+00:00
PoliticalMemes/3v8h08pkn69b1.png,2023-07-06 02:41:22+00:00
PoliticalMemes/3vfqjv6t8m9b1.jpg,2023-07-06 02:41:03+00:00
PoliticalMemes/3vq7tcltjx2b1.jpg,2023-07-06 02:52:14+00:00
PoliticalMemes/3y28isw25kdb1.jpg,2023-07-24 00:07:46+00:00
PoliticalMemes/3ypjdmeg6tdb1.jpg,2023-08-01 20:07:54+00:00
PoliticalMemes/3zx8mtyurl9b1.jpg,2023-07-06 02:41:02+00:00
PoliticalMemes/413h5e2s65db1.jpg,2023-07-24 00:08:08+00:00
PoliticalMemes/41x1vd7v5kfb1.jpg,2023-08-03 19:53:43+00:00
PoliticalMemes/41xpsilcf79b1.png,2023-07-06 02:41:48+00:00
PoliticalMemes/42awr3llyt9b1.jpg,2023-07-06 02:40:50+00:00
PoliticalMemes/4333brnqp16b1.jpg,2023-07-06 02:46:38+00:00
PoliticalMemes/43d4pv8kw04b1.png,2023-07-06 02:50:55+00:00
PoliticalMemes/44q6mvtfczeb1.jpg,2023-08-01 20:04:27+00:00
PoliticalMemes/45fx7e6p459b1.jpg,2023-07-06 02:41:56+00:00
PoliticalMemes/47hirafj6hbb1.jpg,2023-07-18 06:57:17+00:00
PoliticalMemes/47mcll0ncheb1.jpg,2023-08-01 20:06:01+00:00
PoliticalMemes/48fwpj0c0feb1.jpg,2023-08-01 20:06:10+00:00
PoliticalMemes/48vhx437756b1.jpg,2023-07-06 02:46:31+00:00
PoliticalMemes/4J4pxQz.png,2023-07-06 02:52:02+00:00
PoliticalMemes/4a6b00g00v9b1.jpg,2023-07-06 02:40:46+00:00
PoliticalMemes/4a8ymt65p3fb1.jpg,2023-08-01 20:04:14+00:00
PoliticalMemes/4blfxb7pko5b1.jpg,2023-07-06 02:47:30+00:00
PoliticalMemes/4cxjn9hlqieb1.jpg,2023-08-01 20:05:52+00:00
PoliticalMemes/4e99rh7nojbb1.jpg,2023-07-18 06:57:14+00:00
PoliticalMemes/4fpdpkts61cb1.jpg,2023-07-18 06:56:51+00:00
PoliticalMemes/4ft6qoza2mab1.png,2023-07-18 06:57:48+00:00
PoliticalMemes/4fwutyn3x76b1.jpg,2023-07-06 02:46:26+00:00
PoliticalMemes/4g195v72zz5b1.jpg,2023-07-06 02:46:46+00:00
PoliticalMemes/4gjfnpmrvqab1.png,2023-07-18 06:57:45+00:00
PoliticalMemes/4gjnz527fsfb1.jpg,2023-08-03 19:50:03+00:00
PoliticalMemes/4gshrde1kb3b1.jpg,2023-07-06 02:51:48+00:00
PoliticalMemes/4hfryr6z9lfb1.jpg,2023-08-03 19:52:43+00:00
PoliticalMemes/4hjy2h8fxi7b1.jpg,2023-07-06 02:44:17+00:00
PoliticalMemes/4j1kq0g3fsab1.jpg,2023-07-18 06:57:43+00:00
PoliticalMemes/4l247pguybbb1.jpg,2023-07-18 06:57:22+00:00
PoliticalMemes/4l4xqo83my8b1.jpg,2023-07-06 02:42:14+00:00
PoliticalMemes/4ma5ulu6t24b1.jpg,2023-07-06 02:50:44+00:00
PoliticalMemes/4mrw7y9x835b1.png,2023-07-06 02:48:42+00:00
PoliticalMemes/4nekax5z5xfb1.jpg,2023-08-03 19:48:19+00:00
PoliticalMemes/4nt1scmadp8b1.jpg,2023-07-06 02:42:37+00:00
PoliticalMemes/4ocif9aa8jfb1.jpg,2023-08-01 20:03:03+00:00
PoliticalMemes/4ojp86oy2mfb1.jpg,2023-08-03 19:52:03+00:00
PoliticalMemes/4p4qhmxtp47b1.gif,2023-07-06 02:44:52+00:00
PoliticalMemes/4qifkv8he15b1.jpg,2023-07-06 02:49:00+00:00
PoliticalMemes/4qwi73g7sw3b1.jpg,2023-07-06 02:50:57+00:00
PoliticalMemes/4s7r51n96n5b1.jpg,2023-07-06 02:47:35+00:00
PoliticalMemes/4t189lv93q2b1.png,2023-07-06 02:52:33+00:00
PoliticalMemes/4tan5u32ya3b1.jpg,2023-07-06 02:51:49+00:00
PoliticalMemes/4tew2r3voc8b1.jpg,2023-07-06 02:43:07+00:00
PoliticalMemes/4thtrwvobe3b1.png,2023-07-06 02:51:39+00:00
PoliticalMemes/4u70w2ckis2b1.jpg,2023-07-06 02:52:26+00:00
PoliticalMemes/4v4f0nbsfqdb1.gif,2023-07-24 00:07:37+00:00
PoliticalMemes/4vnpudmt5nbb1.jpg,2023-07-18 06:57:08+00:00
PoliticalMemes/4w3dnbtm1ucb1.jpg,2023-07-20 05:20:41+00:00
PoliticalMemes/4ziw7pbujieb1.jpg,2023-08-01 20:05:54+00:00
PoliticalMemes/506ggcsqeu8b1.jpg,2023-07-06 02:42:27+00:00
PoliticalMemes/50ocv7ff973b1.jpg,2023-07-06 02:52:01+00:00
PoliticalMemes/50txv1z7ffab1.jpg,2023-07-18 06:57:55+00:00
PoliticalMemes/51qyADq0oYL.jpg,2023-07-18 06:57:02+00:00
PoliticalMemes/52za2987bn2b1.jpg,2023-07-06 02:52:48+00:00
PoliticalMemes/53okc0vmu8db1.jpg,2023-07-24 00:08:01+00:00
PoliticalMemes/53yuxnfzeg9b1.jpg,2023-07-06 02:41:19+00:00
PoliticalMemes/545u3fn1yyeb1.jpg,2023-08-01 20:04:29+00:00
PoliticalMemes/56govomt2kfb1.jpg,2023-08-03 19:53:48+00:00
PoliticalMemes/58cxizhq9veb1.jpg,2023-08-01 20:04:56+00:00
PoliticalMemes/58o9t80181bb1.jpg,2023-07-18 06:57:35+00:00
PoliticalMemes/597ryb33nk8b1.png,2023-07-06 02:42:47+00:00
PoliticalMemes/5abtymkej08b1.png,2023-07-06 02:43:25+00:00
PoliticalMemes/5ap4lp3q9k5b1.jpg,2023-07-06 02:47:44+00:00
PoliticalMemes/5bbgl40348fb1.jpg,2023-08-01 20:03:55+00:00
PoliticalMemes/5c4m50mi6zdb1.jpg,2023-08-01 20:07:24+00:00
PoliticalMemes/5cd53m0oaf3b1.jpg,2023-07-06 02:51:42+00:00
PoliticalMemes/5d9tzd0azyeb1.jpg,2023-08-01 20:04:29+00:00
PoliticalMemes/5dgwu14uz69b1.jpg,2023-07-06 02:41:41+00:00
PoliticalMemes/5eweqcyms0fb1.jpg,2023-08-01 20:04:20+00:00
PoliticalMemes/5fauw5dxynfb1.jpg,2023-08-03 19:51:20+00:00
PoliticalMemes/5g7juq8zs76b1.jpg,2023-07-06 02:46:25+00:00
PoliticalMemes/5gop9txark7b1.jpg,2023-07-06 02:44:10+00:00
PoliticalMemes/5inop8rwlz3b1.jpg,2023-07-06 02:50:42+00:00
PoliticalMemes/5iubf4w59mfb1.jpg,2023-08-03 19:51:51+00:00
PoliticalMemes/5ivzsdnxtrfb1.jpg,2023-08-03 19:50:20+00:00
PoliticalMemes/5k8eonohxm7b1.png,2023-07-06 02:44:07+00:00
PoliticalMemes/5mdabyvrwpeb1.png,2023-08-01 20:05:22+00:00
PoliticalMemes/5mfbpvs9vd9b1.jpg,2023-07-06 02:41:28+00:00
PoliticalMemes/5q866jrw844b1.jpg,2023-07-06 02:50:37+00:00
PoliticalMemes/5qr6pjay8reb1.jpg,2023-08-01 20:05:13+00:00
PoliticalMemes/5sx2akmqmxeb1.jpg,2023-08-01 20:04:44+00:00
PoliticalMemes/5tl381nwp9db1.jpg,2023-07-24 00:08:01+00:00
PoliticalMemes/5totyqkgaxfb1.jpg,2023-08-03 19:48:14+00:00
PoliticalMemes/5tsgdf7vnz7b1.jpg,2023-07-06 02:43:34+00:00
PoliticalMemes/5tvgyz2lq4cb1.jpg,2023-07-18 06:56:44+00:00
PoliticalMemes/5ucc2uuby8ab1.jpg,2023-07-06 02:40:31+00:00
PoliticalMemes/5vhr1ipsstbb1.jpg,2023-07-14 19:43:18+00:00
PoliticalMemes/5vyc9e67iecb1.jpg,2023-07-18 06:56:31+00:00
PoliticalMemes/5w63iymxhydb1.jpg,2023-08-01 20:07:31+00:00
PoliticalMemes/5wfolvkj9uab1.jpg,2023-07-18 06:57:40+00:00
PoliticalMemes/5wikurr8s25b1.jpg,2023-07-06 02:48:48+00:00
PoliticalMemes/5ws38hrneddb1.jpg,2023-07-21 19:48:06+00:00
PoliticalMemes/5x0gjh1lmg2b1.jpg,2023-07-06 02:53:09+00:00
PoliticalMemes/5xa9huggdl4b1.jpg,2023-07-06 02:50:03+00:00
PoliticalMemes/5y4tuqs44rdb1.jpg,2023-07-24 00:07:36+00:00
PoliticalMemes/5zli8qrt2m9b1.jpg,2023-07-06 02:41:08+00:00
PoliticalMemes/5zzeoxlb4h6b1.jpg,2023-07-06 02:45:47+00:00
PoliticalMemes/60gzkdnwdnbb1.jpg,2023-07-18 06:57:08+00:00
PoliticalMemes/62o4bq1iny4b1.jpg,2023-07-06 02:49:00+00:00
PoliticalMemes/63u3umc3gzab1.jpg,2023-07-18 06:57:28+00:00
PoliticalMemes/63yk4st858bb1.png,2023-07-18 06:57:25+00:00
PoliticalMemes/648ao0tej5ab1.jpg,2023-07-06 02:40:36+00:00
PoliticalMemes/64l89gbk3c2b1.png,2023-07-06 02:53:20+00:00
PoliticalMemes/64s4nohw5y8b1.jpg,2023-07-06 02:42:18+00:00
PoliticalMemes/65195pr9eg7b1.jpg,2023-07-06 02:44:26+00:00
PoliticalMemes/66eiabhvb8eb1.jpg,2023-08-01 20:06:39+00:00
PoliticalMemes/68aiuizwbgab1.jpg,2023-07-18 06:57:54+00:00
PoliticalMemes/68cuin4t7o6b1.jpg,2023-07-06 02:45:29+00:00
PoliticalMemes/6alhuesxt4bb1.jpg,2023-07-18 06:57:31+00:00
PoliticalMemes/6ani05my35db1.jpg,2023-07-24 00:08:08+00:00
PoliticalMemes/6asi4ti7lybb1.jpg,2023-07-18 06:56:54+00:00
PoliticalMemes/6cmssmyyu07b1.jpg,2023-07-06 02:44:58+00:00
PoliticalMemes/6fmw41j0nucb1.jpg,2023-07-20 05:20:40+00:00
PoliticalMemes/6ge6fo8o4dbb1.jpg,2023-07-18 06:57:22+00:00
PoliticalMemes/6gto85vrlg6b1.jpg,2023-07-06 02:45:45+00:00
PoliticalMemes/6h1p96mg9y8b1.jpg,2023-07-06 02:42:17+00:00
PoliticalMemes/6hxqj2sz925b1.jpg,2023-07-06 02:48:52+00:00
PoliticalMemes/6iva3k5ncu5b1.png,2023-07-06 02:47:10+00:00
PoliticalMemes/6jc5i6cyvv4b1.jpg,2023-07-06 02:49:28+00:00
PoliticalMemes/6jjigjka493b1.jpg,2023-07-06 02:51:56+00:00
PoliticalMemes/6kdii6ekit5b1.jpg,2023-07-06 02:47:10+00:00
PoliticalMemes/6khsm2op25db1.jpg,2023-07-21 19:50:09+00:00
PoliticalMemes/6l2uktuzfv6b1.jpg,2023-07-06 02:45:09+00:00
PoliticalMemes/6mg41vvozzcb1.jpg,2023-07-20 05:20:32+00:00
PoliticalMemes/6mzj1krvf79b1.jpg,2023-07-06 02:41:47+00:00
PoliticalMemes/6p2kk1t9p86b1.jpg,2023-07-06 02:46:21+00:00
PoliticalMemes/6qrhviripldb1.jpg,2023-07-24 00:07:41+00:00
PoliticalMemes/6r5zflnf3neb1.jpg,2023-08-01 20:05:24+00:00
PoliticalMemes/6uyteycj9t4b1.jpg,2023-07-06 02:49:35+00:00
PoliticalMemes/6vb8vz08upfb1.jpg,2023-08-03 19:50:44+00:00
PoliticalMemes/6vjm76aao28b1.jpg,2023-07-06 02:43:20+00:00
PoliticalMemes/6xzbcl5dxw2b1.jpg,2023-07-06 02:52:23+00:00
PoliticalMemes/6yME6wxeI7CTJNFJvZYoek_aJp1Xs2Ycal5WCYHzu58.png?format=pjpg&auto=webp&s=63db7545b3e50dce74da89c0bb0d810fdeb1b929,2023-08-01 20:04:28+00:00
PoliticalMemes/6z5656r0zq5b1.jpg,2023-07-06 02:47:26+00:00
PoliticalMemes/6zljjrtg9oeb1.jpg,2023-08-01 20:05:24+00:00
PoliticalMemes/706USNu0EDSCUcTh4EP_bSZEp8En7WpsEw8HQnMyznc.png?format=pjpg&auto=webp&s=9d12a4de46bfccfa2160bda9cab63d6f0a454824,2023-08-01 20:04:47+00:00
PoliticalMemes/71013m94r25b1.jpg,2023-07-06 02:48:49+00:00
PoliticalMemes/71dmo6dogl3b1.jpg,2023-07-06 02:51:28+00:00
PoliticalMemes/72jlpamxxv5b1.jpg,2023-07-06 02:46:58+00:00
PoliticalMemes/74g7qt2de93b1.png,2023-07-06 02:51:54+00:00
PoliticalMemes/75qJCis.jpg,2023-07-06 02:49:34+00:00
PoliticalMemes/76wsxbiglufb1.jpg,2023-08-03 19:49:21+00:00
PoliticalMemes/76x74n4ieqcb1.png,2023-07-20 05:20:51+00:00
PoliticalMemes/7blx4b99y26b1.jpg,2023-07-06 02:46:36+00:00
PoliticalMemes/7dw5pd4qezeb1.jpg,2023-08-01 20:04:26+00:00
PoliticalMemes/7edn7x4r09bb1.jpg,2023-07-11 19:49:05+00:00
PoliticalMemes/7itsix6iixfb1.jpg,2023-08-03 19:48:06+00:00
PoliticalMemes/7jr6sclj6s4b1.jpg,2023-07-06 02:49:40+00:00
PoliticalMemes/7lv0n1p8233b1.jpg,2023-07-06 02:52:11+00:00
PoliticalMemes/7nnh9y.jpg,2023-07-06 02:52:12+00:00
PoliticalMemes/7nqvkv.jpg,2023-07-06 02:51:59+00:00
PoliticalMemes/7nwu3bjm3sbb1.jpg,2023-07-18 06:57:03+00:00
PoliticalMemes/7o4zgg.jpg,2023-07-06 02:51:01+00:00
PoliticalMemes/7oqphz.jpg,2023-07-06 02:49:24+00:00
PoliticalMemes/7p9ri5.jpg,2023-07-06 02:47:00+00:00
PoliticalMemes/7pagm9nkcedb1.jpg,2023-07-22 19:50:13+00:00
PoliticalMemes/7pnkz6z74sdb1.jpg,2023-07-24 00:07:32+00:00
PoliticalMemes/7po10ydj1z7b1.jpg,2023-07-06 02:43:41+00:00
PoliticalMemes/7pss92yj6eeb1.jpg,2023-08-01 20:06:14+00:00
PoliticalMemes/7qsboxh364fb1.gif,2023-08-01 20:04:13+00:00
PoliticalMemes/7se9yg.jpg,2023-07-18 06:57:09+00:00
PoliticalMemes/7sirml.jpg,2023-07-14 19:42:44+00:00
PoliticalMemes/7swcn5.jpg,2023-07-18 06:56:19+00:00
PoliticalMemes/7up0wlrrd12b1.jpg,2023-07-06 02:54:00+00:00
PoliticalMemes/7vqibelz20fb1.png,2023-08-01 20:04:24+00:00
PoliticalMemes/7xt8nruit53b1.jpg,2023-07-06 02:52:05+00:00
PoliticalMemes/7xxkpt76wh6b1.gif,2023-07-06 02:45:41+00:00
PoliticalMemes/82s7yfqoro7b1.jpg,2023-07-06 02:44:03+00:00
PoliticalMemes/833xssdhv9db1.jpg,2023-07-24 00:08:00+00:00
PoliticalMemes/849h1ue6g2db1.jpg,2023-07-24 00:08:13+00:00
PoliticalMemes/869z74sxg1fb1.jpg,2023-08-01 20:04:18+00:00
PoliticalMemes/87mune5j9s4b1.jpg,2023-07-06 02:49:39+00:00
PoliticalMemes/898mrp4qz99b1.jpg,2023-07-06 02:41:34+00:00
PoliticalMemes/8chq6a47kq3b1.jpg,2023-07-06 02:51:09+00:00
PoliticalMemes/8dpnsxtrtj5b1.jpg,2023-07-06 02:47:46+00:00
PoliticalMemes/8e1tfbemrfeb1.jpg,2023-08-01 20:06:05+00:00
PoliticalMemes/8ew55ei9qmeb1.jpg,2023-08-01 20:05:28+00:00
PoliticalMemes/8gx85wdopyeb1.jpg,2023-08-01 20:04:34+00:00
PoliticalMemes/8h3uxo0h6e5b1.jpg,2023-07-06 02:48:07+00:00
PoliticalMemes/8hlx1m4jkceb1.jpg,2023-08-01 20:06:14+00:00
PoliticalMemes/8iljsw0sl1fb1.jpg,2023-08-01 20:04:16+00:00
PoliticalMemes/8irwq2ulyb5b1.gif,2023-07-06 02:48:15+00:00
PoliticalMemes/8iw3j56bi22b1.jpg,2023-07-06 02:53:45+00:00
PoliticalMemes/8j9teianz46b1.jpg,2023-07-06 02:46:34+00:00
PoliticalMemes/8ka2lz8yc3db1.jpg,2023-07-24 00:08:13+00:00
PoliticalMemes/8kb0wvu3903b1.jpg,2023-07-06 02:52:21+00:00
PoliticalMemes/8ksmv03jdfdb1.jpg,2023-07-24 00:07:52+00:00
PoliticalMemes/8kxbf5uc6zcb1.jpg,2023-07-20 05:20:33+00:00
PoliticalMemes/8lbl22jirpdb1.jpg,2023-07-24 00:07:38+00:00
PoliticalMemes/8llz393k1v5b1.png,2023-07-06 02:47:05+00:00
PoliticalMemes/8mjij70vrb6b1.jpg,2023-07-06 02:46:10+00:00
PoliticalMemes/8msvwupb7a5b1.jpg,2023-07-06 02:48:22+00:00
PoliticalMemes/8mzxstdi306b1.jpg,2023-07-06 02:46:43+00:00
PoliticalMemes/8opv2evn1f2b1.jpg,2023-07-06 02:53:10+00:00
PoliticalMemes/8pktxklc7nab1.jpg,2023-07-18 06:57:46+00:00
PoliticalMemes/8pn15bj3nydb1.jpg,2023-08-01 20:07:29+00:00
PoliticalMemes/8prziohh839b1.jpg,2023-07-06 02:42:00+00:00
PoliticalMemes/8qsav1xrbp4b1.jpg,2023-07-06 02:49:48+00:00
PoliticalMemes/8tfrbus6b59b1.jpg,2023-07-06 02:41:54+00:00
PoliticalMemes/8tl23kc3evdb1.jpg,2023-08-01 20:07:44+00:00
PoliticalMemes/8vvmcl5gcd8b1.jpg,2023-07-06 02:43:05+00:00
PoliticalMemes/8x02kxzpurbb1.jpg,2023-07-18 06:57:03+00:00
PoliticalMemes/8xvqvvfwmkeb1.jpg,2023-08-01 20:05:42+00:00
PoliticalMemes/8ys8kPP.jpg,2023-07-06 02:45:57+00:00
PoliticalMemes/8zivwsx9zn5b1.jpg,2023-07-06 02:47:33+00:00
PoliticalMemes/8zjouccyde7b1.png,2023-07-06 02:44:32+00:00
PoliticalMemes/913197a1o62b1.png,2023-07-06 02:53:33+00:00
PoliticalMemes/91n54f77muab1.jpg,2023-07-18 06:57:40+00:00
PoliticalMemes/92w6592vzz5b1.jpg,2023-07-06 02:46:44+00:00
PoliticalMemes/945x7m8ik0eb1.jpg,2023-08-01 20:07:18+00:00
PoliticalMemes/95jgfjcaw15b1.png,2023-07-06 02:48:55+00:00
PoliticalMemes/96nafgli0y5b1.gif,2023-07-06 02:46:50+00:00
PoliticalMemes/96nno7fxvldb1.jpg,2023-07-24 00:07:41+00:00
PoliticalMemes/96veomqds0eb1.jpg,2023-08-01 20:07:16+00:00
PoliticalMemes/999n8xthvb5b1.jpg,2023-07-06 02:48:16+00:00
PoliticalMemes/99nnrjt9k3bb1.jpg,2023-07-18 06:57:33+00:00
PoliticalMemes/99tr8yt8222b1.jpg,2023-07-06 02:53:54+00:00
PoliticalMemes/9D7jjVYjP-MG_z-lYiWQAB-xtuC1FAhT658W9YNDovc.jpg?auto=webp&s=e8c7d7cf1398ab5c17b866344b572774e3605a65,2023-08-01 20:06:16+00:00
PoliticalMemes/9ZknUSUB4L9q1rLqI9hJTSjeLz0toJVf7qej2_q4Jbc.png?format=pjpg&auto=webp&s=54ba421517651b3a9f3f2489343fb37d93fa44b7,2023-07-18 06:56:23+00:00
PoliticalMemes/9ahsa2qfj6db1.png,2023-07-24 00:08:05+00:00
PoliticalMemes/9bjg0gc5rebb1.png,2023-07-18 06:57:19+00:00
PoliticalMemes/9bvhyboj9mbb1.jpg,2023-07-18 06:57:11+00:00
PoliticalMemes/9cmtbrh1jxeb1.png,2023-08-01 20:04:45+00:00
PoliticalMemes/9cuj6ezfm5eb1.jpg,2023-08-01 20:06:54+00:00
PoliticalMemes/9db70gc5vy5b1.jpg,2023-07-06 02:46:48+00:00
PoliticalMemes/9dn0pkm8xhab1.jpg,2023-07-18 06:57:53+00:00
PoliticalMemes/9evouo6i60fb1.jpg,2023-08-01 20:04:22+00:00
PoliticalMemes/9fmn96b3wnbb1.jpg,2023-07-18 06:57:07+00:00
PoliticalMemes/9g3sbdmuxmcb1.jpg,2023-07-18 06:56:18+00:00
PoliticalMemes/9g85bfgfejab1.jpg,2023-07-18 06:57:52+00:00
PoliticalMemes/9gyaw0pusy7b1.jpg,2023-07-06 02:43:45+00:00
PoliticalMemes/9lxg2cm6vddb1.jpg,2023-07-24 00:07:57+00:00
PoliticalMemes/9nxhg1vdn6bb1.jpg,2023-07-18 06:57:28+00:00
PoliticalMemes/9o79hgv03ieb1.jpg,2023-08-01 20:05:57+00:00
PoliticalMemes/9oju3ffl6g2b1.jpg,2023-07-06 02:53:04+00:00
PoliticalMemes/9qcbyoeh876b1.jpg,2023-07-06 02:46:23+00:00
PoliticalMemes/9rpem1lut32b1.png,2023-07-06 02:53:37+00:00
PoliticalMemes/9ttbmsjkdm5b1.jpg,2023-07-06 02:47:40+00:00
PoliticalMemes/9wuzplv9ahab1.jpg,2023-07-18 06:57:51+00:00
PoliticalMemes/9xkekb17qzcb1.jpg,2023-07-20 05:20:33+00:00
PoliticalMemes/9xva9k5dyceb1.jpg,2023-08-01 20:06:24+00:00
PoliticalMemes/9z02kjqf7ueb1.jpg,2023-08-01 20:05:01+00:00
PoliticalMemes/9z9cm60rrkeb1.jpg,2023-08-01 20:05:39+00:00
PoliticalMemes/9zldhwt3ynfb1.jpg,2023-08-03 19:51:23+00:00
PoliticalMemes/9zz6z5hlildb1.jpg,2023-07-24 00:07:41+00:00
PoliticalMemes/AgEwBMgqNOYjPWS6FwzEH9cmeKg-MZlPqtZRHUbTEII.png?format=pjpg&auto=webp&v=enabled&s=c724d6c8632bda6c9dca92838787a7074d0cc024,2023-07-06 02:52:42+00:00
PoliticalMemes/C6XPyHF.jpg,2023-07-06 02:48:01+00:00
PoliticalMemes/CS5wEhipTsZRWDxmYMXh9e9lqhA0Py-gab8lVKQOb5A.jpg?auto=webp&s=1eef48fbaf45204a2ef81989e84a7173dfaa6cfc,2023-08-03 19:48:51+00:00
PoliticalMemes/DZ2_u2cMlklo2EAR91tuOaJWAw0vb1pE3_jIWLBNzS8.jpg?auto=webp&s=7d40111f021fed7c5d964467ec9d9d592897f4ae,2023-07-18 06:56:52+00:00
PoliticalMemes/ED1LZZlWf7M-qMgRqQslzp8jmNzrpR9jlVWk6fZ0J-8.jpg?auto=webp&s=c75baab3ca47d5f1cb3f353a7927af0cb2510c9b,2023-08-01 20:05:55+00:00
PoliticalMemes/EitWVOw5d7ha3W4CIdbOJPkCWl_qMWn8P854zO4aC9A.png?format=pjpg&auto=webp&s=3e5ef014fa3d2abed10d22d275e6d629311a0127,2023-08-01 20:07:01+00:00
PoliticalMemes/GDhcXUObENt6Zm3vqKJvWPXbbshzfFeLyK_pZOyPjAM.jpg?auto=webp&s=8c1a4c28ec65c25e8192acb9004092c7d98fcb45,2023-08-01 20:06:39+00:00
PoliticalMemes/GS2q9xI.jpg,2023-07-06 02:53:01+00:00
PoliticalMemes/Gbqre7h.jpg,2023-07-06 02:48:20+00:00
PoliticalMemes/Hc-8qBa3ZZ3iX4E-3XpdOH39DJUZEWI5oqvkeVMcN20.png?format=pjpg&auto=webp&v=enabled&s=4c7fabb22dc6943077fbb56482ad5eb2a468d12d,2023-07-06 02:48:29+00:00
PoliticalMemes/Hkzpyhg.jpg,2023-07-06 02:48:47+00:00
PoliticalMemes/JtmBZwq54Oht2NWEjiUYcjmBOlx0uEq8Rtb0cTjn6Zk.png?format=pjpg&auto=webp&v=enabled&s=63951ac3aef2b71ded0ac37147018db3f5e993e5,2023-07-06 02:53:14+00:00
PoliticalMemes/KxTNk12lRh_EYeGpVDB5lpVAHXQeOlak6jpd8UWwxDw.png?format=pjpg&auto=webp&v=enabled&s=68449b7a583efe96c35c69ae5eb045b41f6c605e,2023-07-06 02:48:42+00:00
PoliticalMemes/LCFwPnfmU77glS0Sz6kJwhENGUJ5d1bx6ruNG-V0VSI.png?format=pjpg&auto=webp&v=enabled&s=0ce583bc6417345aafe1d04c50ab0f0b02395896,2023-07-06 02:44:20+00:00
PoliticalMemes/L_P8AKH3xyJ5Js--VUMEK3ej3jl1XWmAjvv649f6I9c.png?auto=webp&s=6120b5f75831601c063d7152b9309acacfaa1d92,2023-07-24 00:07:59+00:00
PoliticalMemes/M2ltcHU5NGF0cmViMbszfhis3cBH7KxXP3ZTFqFud5eFBaBr5zAqE0BuFiqq.png?format=pjpg&auto=webp&s=3d87baea748be5edad969e44adefd30efe82021f,2023-08-01 20:05:09+00:00
PoliticalMemes/M9eofZS.jpg,2023-07-06 02:53:29+00:00
PoliticalMemes/MjQxMTB2bXppYmZiMYJKxqF5DU2vvq-4l-uMBKTIFWOKsNsS-QNDtoaux8bM.png?format=pjpg&auto=webp&s=3424f17014350aedba6a27b63410c78be6502128,2023-08-01 20:03:49+00:00
PoliticalMemes/MmZmYWR0aWd6bDliMajJyTzOGygvHf25nI6rZG9OondIMJdUjBeG5fk5HYk2.png?format=pjpg&auto=webp&v=enabled&s=9fc5b67f6d8c7198e34be1c0035d33b508fe32f5,2023-07-06 02:41:09+00:00
PoliticalMemes/N3N6dTNhdHFpczViMW0zp_qj4_skQLZmYmvca-sX7IgAYW7kLfTyUwzw3Xip.png?format=pjpg&auto=webp&v=enabled&s=0394eefc6d889ba66763545fce4a3c62f7d20cca,2023-07-06 02:47:24+00:00
PoliticalMemes/N3Vvano3dzN1N2FiMXlDAVJJgQm6G3UgN57nUnRg3hXBCQ-6yjC8lqBtcjCW.png?auto=webp&v=enabled&s=a5cffacb1ee711a7beb8bd89f8a949a6f91376cf,2023-07-06 02:40:33+00:00
PoliticalMemes/NDN0aDhyYWljZzhiMYRA4NmDtMAJVAO7m3s08Iv7kLFmngCN73D75FNZRayK.png?auto=webp&v=enabled&s=32f1fd629c8db2e8168637f10841cb0307b0952a,2023-07-06 02:42:57+00:00
PoliticalMemes/NWZ0cm0wZTJxdTRiMWs9lPs2Y_NbhREMIJmDhTBfoPznWs0Sfdyoq46mmI8P.png?auto=webp&v=enabled&s=d3ed44e2cb3cfb8803d605bfda812045ae0c5dfc,2023-07-06 02:49:31+00:00
PoliticalMemes/NXFnOTBkYWQzaGJiMV1W-LQMz6SuTbBdm0QqD2OU4rO030akjdKnWO1Smc3f.png?auto=webp&s=be807f0595f1adb62b71dd93e7cd9780d8b3994c,2023-07-18 06:57:17+00:00
PoliticalMemes/NjgxeTIyOGNhNmNiMR9ZfaEi_2Ex8cn1-5mJz1GxdEwFbcUnbDSQlhinbIO9.png?auto=webp&s=ae4b0163ff9e52a05d88ac551c68d8fee00b4860,2023-07-18 06:56:42+00:00
PoliticalMemes/NnFla2Z3NWx4NGJiMYdMB8DkJILskMKDx8s3cs_3iBPsxQBq3QVut8oBelWp.png?auto=webp&s=44ff8ff8a8af86dbb41547677ba8f8c894511071,2023-07-18 06:57:24+00:00
PoliticalMemes/NnN0d29ydGN2NmViMayzszO4INcKgPJxkb-pF_C1mMuIIwS_G6cFj_0A6IJW.png?format=pjpg&auto=webp&s=cf5ab532eabae24b0caf564740fc22fc7ae7ae83,2023-08-01 20:06:43+00:00
PoliticalMemes/NnRpa2IxbjZvZmNiMQAtMju5ntxQRoTMksK48Scj_wLVPSWNGOMJWd2gWOVB.png?format=pjpg&auto=webp&s=4bd0145c7f546fdff56ffcde834ed060fb7403d2,2023-07-18 06:56:31+00:00
PoliticalMemes/OWpqMndmdzZzNzdiMZTKUUAIi9dA-dDdjbmNyQy8Kw74LbluZudJfoCkE3qw.png?format=pjpg&auto=webp&v=enabled&s=69c2d06d6d916734bdaa49898669c0316c65c988,2023-07-06 02:44:47+00:00
PoliticalMemes/OXQ4Mmc2N2F6MTRiMXIEPgOhZj_2SrNhU1HjITAVffbXjHLnGrPKETMpD9po.png?auto=webp&v=enabled&s=34581aaf8d8773ad7151a6e58fee457de74777df,2023-07-06 02:50:49+00:00
PoliticalMemes/Oeatcnt.jpg,2023-07-06 02:52:42+00:00
PoliticalMemes/OfL9K6LWmXA3iwRXWXR1fOf3S7mhAm61gqJTVbT6AjM.jpg?auto=webp&v=enabled&s=9a16013e54133635ee55cc68aec1748b28d2fb29,2023-07-06 02:48:39+00:00
PoliticalMemes/Oy4fDt2mdBL3pxos6utTQL2EVoUL9TgbSrc23rtEBO8.jpg?auto=webp&s=57fea0a4e0bac90fdc2a70a5cdb8b2dca80d8f90,2023-07-18 06:56:42+00:00
PoliticalMemes/Q5kS88h.jpg,2023-07-06 02:41:27+00:00
PoliticalMemes/R7EcR5fEubqkAjnQDSXlwM0KMWdVpH2w3lcEy15Lvy0.png?format=pjpg&auto=webp&s=dc7d4585a03f02657dbd00aea5d50173ef7ec8be,2023-07-18 06:56:57+00:00
PoliticalMemes/RYqPU6a.jpg,2023-07-06 02:41:39+00:00
PoliticalMemes/VEJwMdIExNS2FXU2YmFrqgmbJSGW47L3m9uA-D9mQLI.jpg?auto=webp&v=enabled&s=3a29e42c0b6e89d819c0142e43660222e28cf578,2023-07-06 02:48:33+00:00
PoliticalMemes/WBpi8hZiTp43Rc9yA--5Mqq-tPLK92s3EurePxpF2ww.png?format=pjpg&auto=webp&s=9988c69510b14fda12a987975a5b7224f12419c9,2023-07-18 06:56:57+00:00
PoliticalMemes/WRYuAGk.jpg,2023-07-06 02:51:43+00:00
PoliticalMemes/XXp8uhN.jpg,2023-07-06 02:50:24+00:00
PoliticalMemes/YyrmlMcGs99Qg6Afy2DyFOQtjYpYQlYIIvVKNEikkxo.png?format=pjpg&auto=webp&v=enabled&s=061d524e94bf698dd5e11b7049ad756ea52f3753,2023-07-06 02:44:49+00:00
PoliticalMemes/Z2ZoYmpuY2pwb2JiMZH_IhrCHyHrB9rUlChaTNPh3uPGSLIr0jq_qnZe1aSc.png?auto=webp&s=fbc0c8372ca88fe647a74d045bb877f6efad212c,2023-07-18 06:57:06+00:00
PoliticalMemes/Z3diMnhpNWsxczJiMTFbZjdYZzEylA9Z6-RqrDMZUAJkBnCEZhiOEvEjhHjG.png?auto=webp&v=enabled&s=a5dee5c6b76191e65b7305ddf7098f28a8ca000e,2023-07-06 02:52:29+00:00
PoliticalMemes/Z8K7bz692EoKsBpMvK9MujVBz4cRbySmO4BEifqTT7c.jpg?auto=webp&s=1c87590197e4a28acfc782bd56f35b46f38b4811,2023-08-03 19:50:05+00:00
PoliticalMemes/a0hkjzjnlz7b1.jpg,2023-07-06 02:43:36+00:00
PoliticalMemes/a2upyiilpf8b1.png,2023-07-06 02:42:58+00:00
PoliticalMemes/a35r3dfmbubb1.jpg,2023-07-18 06:56:59+00:00
PoliticalMemes/a7gtlllzgbcb1.jpg,2023-07-18 06:56:38+00:00
PoliticalMemes/a86cbxlujk6b1.jpg,2023-07-06 02:45:34+00:00
PoliticalMemes/a86jgpcpzl7b1.jpg,2023-07-06 02:44:11+00:00
PoliticalMemes/a99zd4hpbqeb1.png,2023-08-01 20:05:19+00:00
PoliticalMemes/a9q4ylweotdb1.jpg,2023-08-01 20:07:51+00:00
PoliticalMemes/aHFheGVtaWpwOGJiMdWAYcGHe5J-1Ov_jcFa4dfLQ56yZ9ejmY-Isy9uKs8P.png?auto=webp&s=5397110ab209844a91726a7672901b9b0b75fac8,2023-07-18 06:57:25+00:00
PoliticalMemes/aa8ovx26rw4b1.jpg,2023-07-06 02:49:19+00:00
PoliticalMemes/aczblun0wj9b1.jpg,2023-07-06 02:41:15+00:00
PoliticalMemes/adxx6o0tzdfb1.jpg,2023-08-01 20:03:32+00:00
PoliticalMemes/aee9mvu8d3cb1.jpg,2023-07-18 06:56:46+00:00
PoliticalMemes/aepdjucv9h2b1.jpg,2023-07-06 02:53:07+00:00
PoliticalMemes/aerq8to7h1ab1.jpg,2023-07-06 02:40:40+00:00
PoliticalMemes/aexpf6qujn2b1.jpg,2023-07-06 02:52:39+00:00
PoliticalMemes/af5sy8t4vifb1.jpg,2023-08-01 20:03:05+00:00
PoliticalMemes/afg6pr6uw5fb1.jpg,2023-08-01 20:04:03+00:00
PoliticalMemes/ahi4ejibh2cb1.jpg,2023-07-18 06:56:29+00:00
PoliticalMemes/ai2t74fd3w6b1.jpg,2023-07-06 02:45:07+00:00
PoliticalMemes/ajlc53pqa1bb1.png,2023-07-18 06:57:35+00:00
PoliticalMemes/anm9qa2740bb1.jpg,2023-07-18 06:57:36+00:00
PoliticalMemes/aoo2p0c15eab1.jpg,2023-07-18 06:57:57+00:00
PoliticalMemes/aoxnopcuildb1.jpg,2023-07-23 19:50:14+00:00
PoliticalMemes/ap8mfs9i1h2b1.jpg,2023-07-06 02:52:57+00:00
PoliticalMemes/asu42f52qtcb1.jpg,2023-07-20 05:20:42+00:00
PoliticalMemes/at49jrkzq5eb1.jpg,2023-08-01 20:06:52+00:00
PoliticalMemes/atx0rkx14r8b1.jpg,2023-07-06 02:42:31+00:00
PoliticalMemes/aub2o57y7reb1.jpg,2023-08-01 20:05:15+00:00
PoliticalMemes/aulhzgm7qs5b1.png,2023-07-06 02:47:21+00:00
PoliticalMemes/aut2ap14702b1.jpg,2023-07-06 02:53:56+00:00
PoliticalMemes/awqde998y19b1.png,2023-07-06 02:42:05+00:00
PoliticalMemes/axRt1d3.jpg,2023-07-06 02:49:01+00:00
PoliticalMemes/axk6mly3uabb1.jpg,2023-07-18 06:57:24+00:00
PoliticalMemes/axpw493y5n8b1.jpg,2023-07-06 02:42:43+00:00
PoliticalMemes/az7g5cif3lfb1.png,2023-08-03 19:52:59+00:00
PoliticalMemes/azz6qtrlnscb1.jpg,2023-07-20 05:20:44+00:00
PoliticalMemes/b3xt00eq396b1.jpg,2023-07-06 02:46:18+00:00
PoliticalMemes/b40xinuguxcb1.jpg,2023-07-20 05:20:35+00:00
PoliticalMemes/b5F28V_2S2j5fYgYM07MMsvujEVEb4C5Fvk2oSQxbsk.png?auto=webp&v=enabled&s=9bb662f2911292507856821a1c1eaf36ccb24c63,2023-07-06 02:42:32+00:00
PoliticalMemes/b5mm69hxzt5b1.jpg,2023-07-06 02:47:13+00:00
PoliticalMemes/b63kw58qkz7b1.jpg,2023-07-06 02:43:37+00:00
PoliticalMemes/b8sqzf0a8j7b1.jpg,2023-07-06 02:44:16+00:00
PoliticalMemes/b9q9g2xy4odb1.jpg,2023-07-24 00:07:39+00:00
PoliticalMemes/bRrVMYS.jpg,2023-07-18 06:57:05+00:00
PoliticalMemes/bWlrbjNmbHMxNjViMcSYwvpBM_FD7LBHgGwBFUHcXzfgl7MS4cHCFBZ0dpkl.png?auto=webp&v=enabled&s=3c449bd437d932ba1912e6a87915a5e4b4cb8fe1,2023-07-06 02:48:26+00:00
PoliticalMemes/bauxhrjq077b1.jpg,2023-07-06 02:44:49+00:00
PoliticalMemes/bcvm0jo3rjbb1.png,2023-07-18 06:57:07+00:00
PoliticalMemes/beq68hdfz77b1.jpg,2023-07-06 02:44:46+00:00
PoliticalMemes/bfts17koq4db1.jpg,2023-07-24 00:08:09+00:00
PoliticalMemes/bfwy45qsjh2b1.jpg,2023-07-06 02:52:59+00:00
PoliticalMemes/bg11r2k47ddb1.jpg,2023-07-24 00:07:49+00:00
PoliticalMemes/bgh7hu3ij6eb1.jpg,2023-08-01 20:06:48+00:00
PoliticalMemes/bi51eow3h95b1.jpg,2023-07-06 02:48:24+00:00
PoliticalMemes/bi6zm3w1iydb1.jpg,2023-07-25 19:51:19+00:00
PoliticalMemes/bjc1bzljd2JyZzZiMRYcIBSMUwSr80xAc6tfBxrf-vC1KaBSxG5eVf55bTW7.png?auto=webp&v=enabled&s=8c4215f4a824b1d6f312e496b5019539d05c0bdd,2023-07-06 02:45:48+00:00
PoliticalMemes/bjwv71vlqt5b1.jpg,2023-07-06 02:47:17+00:00
PoliticalMemes/bkh756czsi6b1.png,2023-07-06 02:45:40+00:00
PoliticalMemes/bkny0s3ozj8b1.jpg,2023-07-06 02:42:48+00:00
PoliticalMemes/bksfd5zbnz7b1.jpg,2023-07-06 02:43:34+00:00
PoliticalMemes/bn8r9au4eg8b1.jpg,2023-07-06 02:42:56+00:00
PoliticalMemes/bnbSz_BvVOqKblm1TM4etFO-jZKX7N26Sj6xEdjeKH8.png?format=pjpg&auto=webp&s=67c0ae320a1999539c426a6fc91f1b8cd48c3faa,2023-07-28 19:48:13+00:00
PoliticalMemes/bpoods4c2ydb1.jpg,2023-08-01 20:07:33+00:00
PoliticalMemes/bpxa48xhffcb1.jpg,2023-07-18 06:56:31+00:00
PoliticalMemes/bqff5y3dhl6b1.png,2023-07-06 02:45:33+00:00
PoliticalMemes/bu00yi7402db1.jpg,2023-07-20 05:20:29+00:00
PoliticalMemes/buwsm12fmnfb1.jpg,2023-08-03 19:51:28+00:00
PoliticalMemes/bvfihjcx74db1.jpg,2023-07-24 00:08:10+00:00
PoliticalMemes/bvvfoycqe2cb1.jpg,2023-07-18 06:56:43+00:00
PoliticalMemes/bwd8rrtq7l9b1.jpg,2023-07-06 02:41:10+00:00
PoliticalMemes/by2wsl8xal7b1.jpg,2023-07-06 02:44:14+00:00
PoliticalMemes/byl7colhdxfb1.png,2023-08-03 19:48:11+00:00
PoliticalMemes/c04630bvaldb1.jpg,2023-07-24 00:07:42+00:00
PoliticalMemes/c0s4p2qlg54b1.jpg,2023-07-06 02:50:34+00:00
PoliticalMemes/c1gcgwczae9b1.jpg,2023-07-06 02:41:26+00:00
PoliticalMemes/c2it1jm2bmbb1.jpg,2023-07-18 06:57:11+00:00
PoliticalMemes/c3ay6bim7c2b1.jpg,2023-07-06 02:53:20+00:00
PoliticalMemes/c4az0j1cct2b1.jpg,2023-07-06 02:52:28+00:00
PoliticalMemes/c56ph444442b1.jpg,2023-07-06 02:53:38+00:00
PoliticalMemes/c68z4aye009b1.jpg,2023-07-06 02:42:09+00:00
PoliticalMemes/c6ffto2r4udb1.jpg,2023-08-01 20:07:48+00:00
PoliticalMemes/c6rz7ow2k7ab1.jpg,2023-07-06 02:40:33+00:00
PoliticalMemes/c886fq1kq76b1.jpg,2023-07-06 02:46:27+00:00
PoliticalMemes/c96n38buxg9b1.jpg,2023-07-06 02:41:18+00:00
PoliticalMemes/c9aRiFU.jpeg,2023-07-06 02:49:02+00:00
PoliticalMemes/cGhqc2kxZzYxYTNiMRm9QvH4q0tsi7ewjtFFWNt4U-LJSVDGs7qZib_4aI37.png?format=pjpg&auto=webp&v=enabled&s=302cd8db6ed00296b985610f965343b9b3ce4dd9,2023-07-06 02:51:52+00:00
PoliticalMemes/cGxka3I3eTc0NzNiMe_qACNs5JfHasxyoVL9a3A006qLJqFcP72JzbWEOcS3.png?auto=webp&v=enabled&s=320d21f3068da999aabaf9ea7932976a582448de,2023-07-06 02:51:48+00:00
PoliticalMemes/cINagsXahqExpEUwK3ZhYefQqkG8ElJmO1qF7J2Jw8k.png?format=pjpg&auto=webp&v=enabled&s=5f2b4fd9325af355577711818b17f9154fa41346,2023-07-06 02:44:43+00:00
PoliticalMemes/cZbINvx.jpg,2023-07-06 02:52:59+00:00
PoliticalMemes/cah4ffnc708b1.jpg,2023-07-06 02:43:28+00:00
PoliticalMemes/camfbq7yuxfb1.jpg,2023-08-03 19:31:35+00:00
PoliticalMemes/cd31df3votbb1.jpg,2023-07-18 06:57:00+00:00
PoliticalMemes/ce22md3uy65b1.png,2023-07-06 02:48:32+00:00
PoliticalMemes/cf9gxdbor6bb1.jpg,2023-07-18 06:57:28+00:00
PoliticalMemes/cfabelxuq59b1.jpg,2023-07-06 02:41:52+00:00
PoliticalMemes/cfsnw69qlmdb1.jpg,2023-07-24 00:07:40+00:00
PoliticalMemes/cfvhajoehdeb1.png,2023-08-01 20:06:19+00:00
PoliticalMemes/cgasghpc2p2b1.jpg,2023-07-06 02:52:39+00:00
PoliticalMemes/cgrcm9w1ys9b1.png,2023-07-06 02:40:53+00:00
PoliticalMemes/chvk73gk317b1.png,2023-07-06 02:44:57+00:00
PoliticalMemes/cj7264r19lfb1.jpg,2023-08-03 19:52:47+00:00
PoliticalMemes/cjNqMjFuOXlhNWJiMZqbXsy0snu-qm9os6Boob2r7MAfcdc0XIwZdXRAArod.png?auto=webp&s=a094a4d31744bd37489e18fb2352c40b53fa6b9d,2023-07-18 06:57:30+00:00
PoliticalMemes/cjNqMjFuOXlhNWJiMZqbXsy0snu-qm9os6Boob2r7MAfcdc0XIwZdXRAArod.png?auto=webp&v=enabled&s=1a035face0c832a1b9a467a36d8d2b8f4f543447,2023-07-10 19:48:50+00:00
PoliticalMemes/cjbop995rz8b1.jpg,2023-07-06 02:42:09+00:00
PoliticalMemes/ckaobdzrh08b1.jpg,2023-07-06 02:43:26+00:00
PoliticalMemes/ckurnpsteg5b1.jpg,2023-07-06 02:47:54+00:00
PoliticalMemes/clsk2i2yvwdb1.png,2023-08-01 20:07:38+00:00
PoliticalMemes/cmvrhtjujieb1.jpg,2023-08-01 20:05:53+00:00
PoliticalMemes/cn9tq93vsgdb1.jpg,2023-07-24 00:07:51+00:00
PoliticalMemes/cnN1dzRoNnkyMjRiMQsXYTjv2CHxucrDYd2fyfWnjwsMUOq7nwLgMPtb5Pl-.png?format=pjpg&auto=webp&v=enabled&s=6b0762f3cde0e6dc4528bc75fb99238bf6d8fc82,2023-07-06 02:50:48+00:00
PoliticalMemes/cndp8migr1eb1.jpg,2023-08-01 20:07:14+00:00
PoliticalMemes/cpa3hqvsa1db1.jpg,2023-07-20 05:20:30+00:00
PoliticalMemes/cq22h7vg0deb1.jpg,2023-08-01 20:06:22+00:00
PoliticalMemes/csu0085sircb1.jpg,2023-07-20 05:20:48+00:00
PoliticalMemes/ctqycf4ey3db1.jpg,2023-07-24 00:08:12+00:00
PoliticalMemes/cttjzkut3vcb1.jpg,2023-07-20 05:20:39+00:00
PoliticalMemes/cv0dbdxuigbb1.jpg,2023-07-18 06:57:18+00:00
PoliticalMemes/cvit7z16oqbb1.jpg,2023-07-18 06:57:05+00:00
PoliticalMemes/cwqp1wfhnkbb1.png,2023-07-18 06:57:12+00:00
PoliticalMemes/cwuxhcr7vb4b1.jpg,2023-07-06 02:50:26+00:00
PoliticalMemes/cx3sr1gdf12b1.jpg,2023-07-06 02:53:50+00:00
PoliticalMemes/cxk1gtfjfrbb1.jpg,2023-07-18 06:57:03+00:00
PoliticalMemes/cxpywkf4uheb1.jpg,2023-08-01 20:05:59+00:00
PoliticalMemes/cyeja6jzkleb1.jpg,2023-08-01 20:05:34+00:00
PoliticalMemes/cykei7ppp24b1.jpg,2023-07-06 02:50:44+00:00
PoliticalMemes/czkcxtfaw24b1.jpg,2023-07-06 02:50:43+00:00
PoliticalMemes/d0se3kr4r6eb1.jpg,2023-08-01 20:06:45+00:00
PoliticalMemes/d2s1wwt49t5b1.jpg,2023-07-06 02:47:18+00:00
PoliticalMemes/d3b9zfv75a4b1.jpg,2023-07-06 02:50:32+00:00
PoliticalMemes/d3c7kxlffvcb1.jpg,2023-07-20 05:20:37+00:00
PoliticalMemes/d48kqq67hn4b1.jpg,2023-07-06 02:49:54+00:00
PoliticalMemes/d5m3etpdh8ab1.jpg,2023-07-06 02:40:31+00:00
PoliticalMemes/d5ncotyeji3b1.gif,2023-07-06 02:51:35+00:00
PoliticalMemes/d5ov9gmxc43b1.jpg,2023-07-06 02:52:07+00:00
PoliticalMemes/d5td553efz8b1.jpg,2023-07-06 02:42:13+00:00
PoliticalMemes/d62m549pgkfb1.png,2023-08-03 19:53:32+00:00
PoliticalMemes/d6e10jiar19b1.jpg,2023-07-06 02:42:04+00:00
PoliticalMemes/d7b9g1vk9p2b1.png,2023-07-06 02:52:41+00:00
PoliticalMemes/d7xr7717t4eb1.jpg,2023-08-01 20:07:05+00:00
PoliticalMemes/d80yktp4ilcb1.jpg,2023-07-18 06:56:19+00:00
PoliticalMemes/d8f29q554qcb1.jpg,2023-07-20 05:20:52+00:00
PoliticalMemes/d965elnxj6eb1.jpg,2023-08-01 20:06:47+00:00
PoliticalMemes/d97ezjazvz4b1.png,2023-07-06 02:49:06+00:00
PoliticalMemes/dW58kkxLh2iWHiHagUfQ520jGNIobief7_5f1U5Jbsg.jpg?auto=webp&s=b05b1ccf86462360d66301f4f2170abca5f4315d,2023-07-20 05:20:29+00:00
PoliticalMemes/dbjkko711kfb1.jpg,2023-08-01 20:02:49+00:00
PoliticalMemes/ddgft65wiacb1.jpg,2023-07-18 06:56:39+00:00
PoliticalMemes/ddiewna8pkdb1.jpg,2023-07-24 00:07:42+00:00
PoliticalMemes/ddpz5e1sxxfb1.jpg,2023-08-03 19:48:00+00:00
PoliticalMemes/df30xmq4hy8b1.jpg,2023-07-06 02:42:15+00:00
PoliticalMemes/dgghn2rpyjfb1.jpg,2023-08-01 20:02:52+00:00
PoliticalMemes/djwfsgzlylfb1.jpg,2023-08-03 19:52:11+00:00
PoliticalMemes/dkg6dohpxdab1.jpg,2023-07-06 19:15:16+00:00
PoliticalMemes/dlamvjadplfb1.jpg,2023-08-03 19:52:23+00:00
PoliticalMemes/dli5e5nmu4eb1.jpg,2023-08-01 20:07:02+00:00
PoliticalMemes/dm5jx82g5v8b1.jpg,2023-07-06 02:42:21+00:00
PoliticalMemes/dmZ0OGR2YzM0N2JiMRzATu8STC-FDWPHxklsLOExKo_U5N0e9fUfr26xGsMS.png?auto=webp&s=d0b7a554c30adfd1629ea132c2364963dcf248e5,2023-07-18 06:57:28+00:00
PoliticalMemes/do0j8103cl5b1.jpg,2023-07-06 02:47:42+00:00
PoliticalMemes/dp1k2le3pleb1.jpg,2023-08-01 20:05:32+00:00
PoliticalMemes/drsm6qhxwofb1.jpg,2023-08-03 19:51:12+00:00
PoliticalMemes/ds47reqq8e8b1.jpg,2023-07-06 02:43:04+00:00
PoliticalMemes/du0u2g4fvkcb1.jpg,2023-07-18 06:56:22+00:00
PoliticalMemes/dumib5j16ufb1.jpg,2023-08-03 19:49:26+00:00
PoliticalMemes/dv0fuzbm0x4b1.jpg,2023-07-06 02:49:17+00:00
PoliticalMemes/dv94i82l3x4b1.jpg,2023-07-06 02:49:16+00:00
PoliticalMemes/dvhim1r6uxeb1.jpg,2023-08-01 20:04:40+00:00
PoliticalMemes/dw3ol9nmi1fb1.jpg,2023-08-01 20:04:17+00:00
PoliticalMemes/dw8icxcy592b1.jpg,2023-07-06 02:53:30+00:00
PoliticalMemes/dx0nvdi5mzeb1.jpg,2023-08-01 20:04:25+00:00
PoliticalMemes/dxjpg09kwo4b1.jpg,2023-07-06 02:49:50+00:00
PoliticalMemes/dxpjt3qovleb1.png,2023-08-01 20:05:30+00:00
PoliticalMemes/dy1qc4gphv3b1.jpg,2023-07-06 02:50:59+00:00
PoliticalMemes/dy7jzqbybbcb1.jpg,2023-07-18 06:56:39+00:00
PoliticalMemes/dyvl7jnraneb1.jpg,2023-07-28 19:48:30+00:00
PoliticalMemes/e05socg2z2cb1.jpg,2023-07-18 06:56:47+00:00
PoliticalMemes/e1aebia92v7b1.jpg,2023-07-06 02:43:48+00:00
PoliticalMemes/e1gmc5ajl18b1.jpg,2023-07-06 02:43:21+00:00
PoliticalMemes/e1hl6wfhpcfb1.jpg,2023-08-01 20:03:44+00:00
PoliticalMemes/e1j5i9qyn92b1.jpg,2023-07-06 02:53:28+00:00
PoliticalMemes/e20r999iac6b1.jpg,2023-07-06 02:46:06+00:00
PoliticalMemes/e3akljr08xfb1.jpg,2023-08-03 19:48:17+00:00
PoliticalMemes/e3zlqsjdfubb1.jpg,2023-07-18 06:56:58+00:00
PoliticalMemes/e44wheo93r3b1.jpg,2023-07-06 02:51:04+00:00
PoliticalMemes/e4hdqxrx6kdb1.jpg,2023-07-24 00:07:45+00:00
PoliticalMemes/e4qutc4pu1cb1.jpg,2023-07-18 06:56:48+00:00
PoliticalMemes/e542lep6e1db1.jpg,2023-07-20 05:20:29+00:00
PoliticalMemes/e5tejuhf333b1.png,2023-07-06 02:52:10+00:00
PoliticalMemes/e68oaztn0x5b1.jpg,2023-07-06 02:46:52+00:00
PoliticalMemes/e7rch1gz725b1.jpg,2023-07-06 02:48:52+00:00
PoliticalMemes/e85vbir34e5b1.jpg,2023-07-06 02:48:09+00:00
PoliticalMemes/e9evq9jrcp4b1.gif,2023-07-06 02:49:47+00:00
PoliticalMemes/ebk4whxxjkcb1.jpg,2023-07-18 06:56:25+00:00
PoliticalMemes/ee482c00mx8b1.jpg,2023-07-06 02:42:19+00:00
PoliticalMemes/eempgg0mb6db1.jpg,2023-07-24 00:08:06+00:00
PoliticalMemes/eevq2fdm0b5b1.jpg,2023-07-06 02:48:20+00:00
PoliticalMemes/efuj5rmm81cb1.jpg,2023-07-18 06:56:51+00:00
PoliticalMemes/efyfzrev514b1.jpg,2023-07-06 02:50:53+00:00
PoliticalMemes/eg5qmpdgr7ab1.jpg,2023-07-06 02:40:33+00:00
PoliticalMemes/eh5eho38f42b1.jpg,2023-07-06 02:53:43+00:00
PoliticalMemes/eiq69qlsvabb1.jpg,2023-07-18 06:57:21+00:00
PoliticalMemes/ej7k8b2947ab1.jpg,2023-07-06 02:40:34+00:00
PoliticalMemes/ekagy3ltpxdb1.jpg,2023-08-01 20:07:35+00:00
PoliticalMemes/ekq0r555unbb1.jpg,2023-07-18 06:57:07+00:00
PoliticalMemes/elhdyfibmedb1.jpg,2023-07-24 00:07:54+00:00
PoliticalMemes/elp02dbvu5eb1.png,2023-08-01 20:06:51+00:00
PoliticalMemes/em3j8eeom16b1.jpg,2023-07-06 02:46:39+00:00
PoliticalMemes/em6dxj2ghbeb1.jpg,2023-08-01 20:06:28+00:00
PoliticalMemes/emdwNGhobDB4MTViMczf2s8NDBfvMcFGWkWzupU1pXJ9rAQiKLRZFvvpOEfA.png?format=pjpg&auto=webp&v=enabled&s=038b14406e8788630693de1706a393e9277f7f20,2023-07-06 02:48:54+00:00
PoliticalMemes/emgxrpspxgdb1.jpg,2023-07-24 00:07:47+00:00
PoliticalMemes/eoa832kyk14b1.jpg,2023-07-06 02:50:46+00:00
PoliticalMemes/eovzfybo5leb1.png,2023-08-01 20:05:37+00:00
PoliticalMemes/epanq4t1krdb1.jpg,2023-07-24 00:07:34+00:00
PoliticalMemes/es1h3v643l2b1.png,2023-07-06 02:52:52+00:00
PoliticalMemes/esjzgosuk9bb1.png,2023-07-18 06:57:24+00:00
PoliticalMemes/eslykg2j1kab1.jpg,2023-07-18 06:57:50+00:00
PoliticalMemes/etb80xb435eb1.jpg,2023-07-25 19:48:42+00:00
PoliticalMemes/eu6r66kdtm5b1.jpg,2023-07-06 02:47:37+00:00
PoliticalMemes/eua7tbeinidb1.jpg,2023-07-24 00:07:50+00:00
PoliticalMemes/eup679q7oobb1.jpg,2023-07-18 06:57:06+00:00
PoliticalMemes/ew5ykec3sc9b1.jpg,2023-07-06 02:40:57+00:00
PoliticalMemes/exj3hlmsmdfb1.png,2023-08-01 20:03:36+00:00
PoliticalMemes/exxwtam1e33b1.jpg,2023-07-06 02:52:06+00:00
PoliticalMemes/ezpo39967q2b1.jpg,2023-07-06 02:52:31+00:00
PoliticalMemes/f0jahsxefs7b1.jpg,2023-07-06 02:43:58+00:00
PoliticalMemes/f36g1o2yui8b1.jpg,2023-07-06 02:42:51+00:00
PoliticalMemes/f94ca6q5ea8b1.png,2023-07-06 02:43:08+00:00
PoliticalMemes/f9phcn5ttxdb1.jpg,2023-08-01 20:07:34+00:00
PoliticalMemes/f9u7d7q6rn6b1.jpg,2023-07-06 02:45:30+00:00
PoliticalMemes/fada4x77uqcb1.jpg,2023-07-20 05:20:49+00:00
PoliticalMemes/fb32ixtx487b1.jpg,2023-07-06 02:44:45+00:00
PoliticalMemes/fbsnou32x7ab1.jpg,2023-07-06 02:40:32+00:00
PoliticalMemes/fckihiu79a7b1.jpg,2023-07-06 02:44:44+00:00
PoliticalMemes/fdrl43u1eo3b1.jpg,2023-07-06 02:51:17+00:00
PoliticalMemes/fe6w51c6fe6b1.jpg,2023-07-06 02:46:01+00:00
PoliticalMemes/ffmjqwqx5z7b1.jpg,2023-07-06 02:43:39+00:00
PoliticalMemes/fgn9vvggg7eb1.jpg,2023-08-01 20:06:42+00:00
PoliticalMemes/fgqboi75yceb1.png,2023-08-01 20:06:25+00:00
PoliticalMemes/fho999d9idab1.png,2023-07-06 19:15:17+00:00
PoliticalMemes/fhvhenbx5l2b1.png,2023-07-06 02:52:52+00:00
PoliticalMemes/fihwva7usqdb1.jpg,2023-07-24 00:07:37+00:00
PoliticalMemes/fj5v19cbb06b1.jpg,2023-07-06 02:46:41+00:00
PoliticalMemes/fjtaqltqo44b1.png,2023-07-06 02:50:35+00:00
PoliticalMemes/flgtd0z9mw5b1.jpg,2023-07-06 02:46:54+00:00
PoliticalMemes/flpi4vkq0i2b1.jpg,2023-07-06 02:53:03+00:00
PoliticalMemes/fnsbty2px14b1.jpg,2023-07-06 02:50:50+00:00
PoliticalMemes/foh1tppyon8b1.jpg,2023-07-06 02:42:42+00:00
PoliticalMemes/foj9pw2k7m3b1.jpg,2023-07-06 02:51:23+00:00
PoliticalMemes/fp5g0uenhzbb1.jpg,2023-07-18 06:56:53+00:00
PoliticalMemes/fq6t33vvxsfb1.jpg,2023-08-03 19:49:41+00:00
PoliticalMemes/fqd5kzjgwa3b1.png,2023-07-06 02:51:50+00:00
PoliticalMemes/fqszsd27wr6b1.jpg,2023-07-06 02:45:21+00:00
PoliticalMemes/fr19b6d8g6bb1.jpg,2023-07-10 19:48:31+00:00
PoliticalMemes/ftgff9e9db4b1.jpg,2023-07-06 02:50:29+00:00
PoliticalMemes/fu59wofmbvdb1.jpg,2023-08-01 20:07:45+00:00
PoliticalMemes/fwpvdrozja7b1.jpg,2023-07-06 02:44:41+00:00
PoliticalMemes/fwqz5o9rfcfb1.jpg,2023-08-01 20:03:47+00:00
PoliticalMemes/g0lhthafp4cb1.jpg,2023-07-18 06:56:44+00:00
PoliticalMemes/g1vebejtkk2b1.jpg,2023-07-06 02:52:54+00:00
PoliticalMemes/g2k3dhkbuceb1.png,2023-08-01 20:06:25+00:00
PoliticalMemes/g3hiwqgak6fb1.png,2023-08-01 20:03:59+00:00
PoliticalMemes/g4qeuj99o48b1.jpg,2023-07-06 02:43:17+00:00
PoliticalMemes/g68d1apg7efb1.jpg,2023-08-01 20:03:30+00:00
PoliticalMemes/g7jhpjwtns7b1.png,2023-07-06 02:43:54+00:00
PoliticalMemes/g8gwjqzxpweb1.jpg,2023-08-01 20:04:51+00:00
PoliticalMemes/g8o5p72w2m2b1.png,2023-07-06 02:52:47+00:00
PoliticalMemes/g8uepx0wep8b1.jpg,2023-07-06 02:42:36+00:00
PoliticalMemes/gbrdlgbiwz9b1.png,2023-07-06 02:40:44+00:00
PoliticalMemes/gd61qz14eccb1.jpg,2023-07-18 06:56:37+00:00
PoliticalMemes/gdduqcop4bdb1.jpg,2023-07-24 00:08:00+00:00
PoliticalMemes/gdt5zh5jqs3b1.jpg,2023-07-06 02:51:07+00:00
PoliticalMemes/gdtjnzld4i2b1.jpg,2023-07-06 02:53:02+00:00
PoliticalMemes/gf4xi9a96hab1.jpg,2023-07-18 06:57:53+00:00
PoliticalMemes/gffcyy9b3a6b1.png,2023-07-06 02:46:15+00:00
PoliticalMemes/gg10vnzvnrcb1.png,2023-07-20 05:20:48+00:00
PoliticalMemes/ggw51x2pr84b1.jpg,2023-07-06 02:50:33+00:00
PoliticalMemes/gi1ay0whv59b1.png,2023-07-06 02:41:50+00:00
PoliticalMemes/giw0uvwhg28b1.jpg,2023-07-06 02:43:13+00:00
PoliticalMemes/gj4retj9q15b1.jpg,2023-07-06 02:48:57+00:00
PoliticalMemes/gj4xqi21c1eb1.jpg,2023-08-01 20:07:15+00:00
PoliticalMemes/gjupmrck0dfb1.jpg,2023-08-01 20:03:40+00:00
PoliticalMemes/gl1k2fjpau5b1.jpg,2023-07-06 02:47:11+00:00
PoliticalMemes/gobu8fong1cb1.jpg,2023-07-18 06:56:48+00:00
PoliticalMemes/gp1z5cm52f5b1.jpg,2023-07-06 02:48:01+00:00
PoliticalMemes/grwm2cxygjfb1.jpg,2023-08-01 20:03:01+00:00
PoliticalMemes/gsj2o4mhsp7b1.png,2023-07-06 02:44:00+00:00
PoliticalMemes/gtgzz5b6pbfb1.png,2023-08-01 20:03:48+00:00
PoliticalMemes/gvx39127692b1.png,2023-07-06 02:53:26+00:00
PoliticalMemes/gxlh4u2qyufb1.jpg,2023-08-03 19:49:11+00:00
PoliticalMemes/gxtarctwtg2b1.jpg,2023-07-06 02:53:08+00:00
PoliticalMemes/gy5ev1d5v34b1.jpg,2023-07-06 02:50:39+00:00
PoliticalMemes/h06dzjkz5u5b1.jpg,2023-07-06 02:47:12+00:00
PoliticalMemes/h0si6bjp3vcb1.jpg,2023-07-20 05:20:38+00:00
PoliticalMemes/h2ob7csgfw4b1.png,2023-07-06 02:49:21+00:00
PoliticalMemes/h4whrs5l4h6b1.jpg,2023-07-06 02:45:46+00:00
PoliticalMemes/h51fb6frpu9b1.png,2023-07-06 02:40:48+00:00
PoliticalMemes/h6ic1t0dn03b1.jpg,2023-07-06 02:52:18+00:00
PoliticalMemes/h7378rimqw7b1.jpg,2023-07-06 02:43:48+00:00
PoliticalMemes/h7g1otjlo6db1.jpg,2023-07-24 00:08:04+00:00
PoliticalMemes/h8eorzau5t9b1.jpg,2023-07-06 02:40:52+00:00
PoliticalMemes/h8n9qlc0a7fb1.jpg,2023-08-01 20:03:57+00:00
PoliticalMemes/h90rb3q5jw5b1.jpg,2023-07-06 02:46:55+00:00
PoliticalMemes/h92zlwe067db1.jpg,2023-07-24 00:08:03+00:00
PoliticalMemes/h9j1gafxwyeb1.jpg,2023-08-01 20:04:33+00:00
PoliticalMemes/hacc35qiqmcb1.gif,2023-07-18 06:56:18+00:00
PoliticalMemes/haqdoqphf6db1.jpg,2023-07-24 00:08:05+00:00
PoliticalMemes/hc1h3dasle6b1.png,2023-07-06 02:45:59+00:00
PoliticalMemes/hegb1n63rveb1.jpg,2023-08-01 20:04:55+00:00
PoliticalMemes/hemb14nkd25b1.jpg,2023-07-06 02:48:51+00:00
PoliticalMemes/hevk57mz4pfb1.jpg,2023-08-03 19:51:00+00:00
PoliticalMemes/hfp10jleuh6b1.jpg,2023-07-06 02:45:43+00:00
PoliticalMemes/hgb7v7hasf5b1.jpg,2023-07-06 02:48:00+00:00
PoliticalMemes/hi5hmwrohpfb1.jpg,2023-08-03 19:50:52+00:00
PoliticalMemes/hi7my109tycb1.jpg,2023-07-20 05:20:34+00:00
PoliticalMemes/hkbmc7hzml3b1.jpg,2023-07-06 02:51:26+00:00
PoliticalMemes/howgjg8k3ubb1.jpg,2023-07-18 06:56:59+00:00
PoliticalMemes/hpiofiwcrjeb1.jpg,2023-07-27 19:48:50+00:00
PoliticalMemes/hq4wqlvzseeb1.jpg,2023-08-01 20:06:12+00:00
PoliticalMemes/hq7onta86ydb1.jpg,2023-08-01 20:07:32+00:00
PoliticalMemes/hqex7m9lou3b1.jpg,2023-07-06 02:50:58+00:00
PoliticalMemes/hqx75djayu9b1.jpg,2023-07-06 02:40:47+00:00
PoliticalMemes/hrj4so75ra9b1.jpg,2023-07-06 02:41:31+00:00
PoliticalMemes/hsjn8h7zmgcb1.jpg,2023-07-18 06:56:30+00:00
PoliticalMemes/htgjdjie4k6b1.jpg,2023-07-06 02:45:35+00:00
PoliticalMemes/htvg30nwtu4b1.jpg,2023-07-06 02:49:30+00:00
PoliticalMemes/huef9hbvtb2b1.png,2023-07-06 02:53:22+00:00
PoliticalMemes/huxpdrzk8xcb1.jpg,2023-07-20 05:20:36+00:00
PoliticalMemes/hvgwkuob8ecb1.png,2023-07-18 06:56:32+00:00
PoliticalMemes/hw8ichkl356b1.jpg,2023-07-06 02:46:33+00:00
PoliticalMemes/hzaavp907z5b1.png,2023-07-06 02:46:47+00:00
PoliticalMemes/hzhygpizcg5b1.jpg,2023-07-06 02:47:56+00:00
PoliticalMemes/hzxmxy8zerdb1.jpg,2023-07-24 00:07:35+00:00
PoliticalMemes/i0njb6wcctdb1.jpg,2023-08-01 20:07:53+00:00
PoliticalMemes/i1bvwlu3jf7b1.jpg,2023-07-06 02:44:27+00:00
PoliticalMemes/i1ld4gu1xdfb1.jpg,2023-08-01 20:03:32+00:00
PoliticalMemes/i276mqrt0ufb1.jpg,2023-08-03 19:49:31+00:00
PoliticalMemes/i3kd5smyb8fb1.jpg,2023-08-01 20:03:55+00:00
PoliticalMemes/i3qz2yz1pkcb1.png,2023-07-18 06:56:21+00:00
PoliticalMemes/i4q4v8nambbb1.jpg,2023-07-18 06:57:22+00:00
PoliticalMemes/i4w4guez675b1.jpg,2023-07-06 02:48:31+00:00
PoliticalMemes/i52ga6cqst2b1.png,2023-07-06 02:52:27+00:00
PoliticalMemes/i5dgou7ildcb1.jpg,2023-07-18 06:56:34+00:00
PoliticalMemes/i6n5627mi5fb1.jpg,2023-07-30 19:48:24+00:00
PoliticalMemes/i7smdpjmym5b1.jpg,2023-07-06 02:47:36+00:00
PoliticalMemes/i7ttq9umqjfb1.jpg,2023-08-01 20:02:57+00:00
PoliticalMemes/i9bzi0braz4b1.jpg,2023-07-06 02:49:11+00:00
PoliticalMemes/i9cr54d6s4fb1.jpg,2023-08-01 20:04:10+00:00
PoliticalMemes/i9qff9f4gpeb1.gif,2023-08-01 20:05:22+00:00
PoliticalMemes/ia701ifigqcb1.jpg,2023-07-20 05:20:50+00:00
PoliticalMemes/ib3dprpqareb1.jpg,2023-08-01 20:05:12+00:00
PoliticalMemes/ibdajbffqyab1.png,2023-07-09 19:48:26+00:00
PoliticalMemes/ibjr46816sfb1.jpg,2023-08-03 19:49:36+00:00
PoliticalMemes/ibzpt1egvy7b1.jpg,2023-07-06 02:43:43+00:00
PoliticalMemes/iflm1otr25fb1.png,2023-08-01 20:04:08+00:00
PoliticalMemes/igffwbdn7d3b1.jpg,2023-07-06 02:51:47+00:00
PoliticalMemes/im00y8yrthfb1.jpg,2023-08-01 20:03:11+00:00
PoliticalMemes/in8z8ocuug5b1.jpg,2023-07-06 02:47:53+00:00
PoliticalMemes/inal7f5hllbb1.jpg,2023-07-18 06:57:12+00:00
PoliticalMemes/inaym5suos6b1.png,2023-07-06 02:45:19+00:00
PoliticalMemes/ingavv3q79ab1.jpg,2023-07-06 02:40:30+00:00
PoliticalMemes/inrejm2c0lfb1.jpg,2023-08-03 19:53:08+00:00
PoliticalMemes/inyoobu4pz7b1.jpg,2023-07-06 02:43:33+00:00
PoliticalMemes/iopip3t9z55b1.jpg,2023-07-06 02:48:34+00:00
PoliticalMemes/ioyd7en3292b1.jpg,2023-07-06 02:53:31+00:00
PoliticalMemes/ip500lh5kqeb1.jpg,2023-08-01 20:05:18+00:00
PoliticalMemes/ipok23c3tu5b1.jpg,2023-07-06 02:47:07+00:00
PoliticalMemes/iqi58drhljab1.jpg,2023-07-18 06:57:52+00:00
PoliticalMemes/iqrnis96dlab1.jpg,2023-07-18 06:57:47+00:00
PoliticalMemes/iqxr1gpeircb1.jpg,2023-07-20 05:20:49+00:00
PoliticalMemes/itst54kqm45b1.jpg,2023-07-06 02:48:37+00:00
PoliticalMemes/iuQVOUQ.png,2023-07-06 02:46:08+00:00
PoliticalMemes/iv2j4ep7vw4b1.jpg,2023-07-06 02:49:19+00:00
PoliticalMemes/iv3iis64isfb1.jpg,2023-08-03 19:49:51+00:00
PoliticalMemes/iw4qyogcd08b1.jpg,2023-07-06 02:43:27+00:00
PoliticalMemes/iw8jfv9ey7eb1.jpg,2023-08-01 20:06:41+00:00
PoliticalMemes/iydyfub61qeb1.jpg,2023-08-01 20:05:20+00:00
PoliticalMemes/j0bgkllsqi7b1.jpg,2023-07-06 02:44:19+00:00
PoliticalMemes/j0h81o9oonab1.png,2023-07-18 06:57:46+00:00
PoliticalMemes/j100y9bq0rfb1.jpg,2023-08-03 19:50:32+00:00
PoliticalMemes/j2vvhvrwkhfb1.png,2023-08-01 20:03:17+00:00
PoliticalMemes/j3d6j5zt107b1.jpg,2023-07-06 02:45:00+00:00
PoliticalMemes/j3ytcdaciu5b1.jpg,2023-07-06 02:47:09+00:00
PoliticalMemes/j4triuaruo3b1.jpg,2023-07-06 02:51:11+00:00
PoliticalMemes/j7pvf4vbjb4b1.png,2023-07-06 02:50:28+00:00
PoliticalMemes/j99oezij0l7b1.png,2023-07-06 02:44:15+00:00
PoliticalMemes/jZfXI-jWlVd6Qe9g-UmKyaZNju_ipnIMfxp_ylypEis.png?format=pjpg&auto=webp&s=6258dfda33b07ffe6780166b1ed5d7a519315064,2023-07-24 00:08:03+00:00
PoliticalMemes/jaj89dq6lfeb1.png,2023-08-01 20:06:07+00:00
PoliticalMemes/jb4c1cjqmafb1.jpg,2023-08-01 20:03:52+00:00
PoliticalMemes/jbrqydxvas5b1.png,2023-07-06 02:47:25+00:00
PoliticalMemes/jbyhclfl3xfb1.png,2023-08-03 19:48:27+00:00
PoliticalMemes/jce94ib5jo7b1.jpg,2023-07-06 02:44:03+00:00
PoliticalMemes/jdu7ggnler6b1.jpg,2023-07-06 02:45:23+00:00
PoliticalMemes/je1ag55v735b1.jpg,2023-07-06 02:48:44+00:00
PoliticalMemes/jeKZ7gd.jpg,2023-07-06 02:51:44+00:00
PoliticalMemes/jebmmt9g8yfb1.jpg,2023-08-03 19:47:59+00:00
PoliticalMemes/jge39y7fpkab1.jpg,2023-07-18 06:57:49+00:00
PoliticalMemes/jh81ehlljucb1.png,2023-07-20 05:20:40+00:00
PoliticalMemes/jibqciwnv3eb1.jpg,2023-08-01 20:07:09+00:00
PoliticalMemes/jin177h3k3cb1.jpg,2023-07-18 06:56:45+00:00
PoliticalMemes/jjmv6bj1pifb1.jpg,2023-08-01 20:03:07+00:00
PoliticalMemes/jk933xb4k69b1.jpg,2023-07-06 02:41:24+00:00
PoliticalMemes/jnb73uzzru6b1.jpg,2023-07-06 02:45:11+00:00
PoliticalMemes/jnpmu6mad2db1.jpg,2023-07-24 00:08:13+00:00
PoliticalMemes/jol26i7z444b1.png,2023-07-06 02:50:38+00:00
PoliticalMemes/jom0fm3na1ab1.jpg,2023-07-06 02:40:40+00:00
PoliticalMemes/jp1sg6n1h79b1.jpg,2023-07-06 02:41:45+00:00
PoliticalMemes/jpzvdhqz6v9b1.jpg,2023-07-06 02:40:45+00:00
PoliticalMemes/jq2hziegka6b1.jpg,2023-07-06 02:46:11+00:00
PoliticalMemes/jst8ony7j04b1.jpg,2023-07-06 02:50:56+00:00
PoliticalMemes/ju3sa56lurab1.jpg,2023-07-18 06:57:39+00:00
PoliticalMemes/juwgxno87qdb1.jpg,2023-08-01 20:07:40+00:00
PoliticalMemes/jv3qzjnkgdbb1.jpg,2023-07-18 06:57:18+00:00
PoliticalMemes/jvaxxwqwmmbb1.jpg,2023-07-18 06:57:09+00:00
PoliticalMemes/jwei2ukiu02b1.png,2023-07-06 02:53:52+00:00
PoliticalMemes/jxjk82fbqkfb1.png,2023-08-03 19:53:20+00:00
PoliticalMemes/jxo24e958n3b1.png,2023-07-06 02:51:21+00:00
PoliticalMemes/jytnlsmske2b1.jpg,2023-07-06 02:53:12+00:00
PoliticalMemes/jzz2z5hc3d4b1.jpg,2023-07-06 02:50:26+00:00
PoliticalMemes/k2075t63gjdb1.jpg,2023-07-24 00:07:48+00:00
PoliticalMemes/k5syf4r84d9b1.jpg,2023-07-06 02:41:29+00:00
PoliticalMemes/k6a8o0odyvfb1.jpg,2023-08-03 19:49:06+00:00
PoliticalMemes/k6gp9781q6cb1.jpg,2023-07-18 06:56:41+00:00
PoliticalMemes/k81j1yytv4db1.jpg,2023-07-24 00:08:09+00:00
PoliticalMemes/k8ui7fv0xiab1.jpg,2023-07-16 19:51:01+00:00
PoliticalMemes/k9id0unx32cb1.jpg,2023-07-18 06:56:48+00:00
PoliticalMemes/kc5rigvjn25b1.png,2023-07-06 02:48:50+00:00
PoliticalMemes/kd6ll3q5052b1.jpg,2023-07-06 02:53:39+00:00
PoliticalMemes/kepnokr9xg4b1.jpg,2023-07-06 02:50:11+00:00
PoliticalMemes/keqqlms5j75b1.png,2023-07-06 02:48:28+00:00
PoliticalMemes/kf1090pq833b1.png,2023-07-06 02:52:09+00:00
PoliticalMemes/kgaciar65vbb1.png,2023-07-18 06:56:58+00:00
PoliticalMemes/kh37d7qd4kcb1.jpg,2023-07-18 06:56:26+00:00
PoliticalMemes/kifuim9cnfbb1.jpg,2023-07-18 06:57:19+00:00
PoliticalMemes/kjk12116nnbb1.jpg,2023-07-18 06:57:08+00:00
PoliticalMemes/kndm79emqmeb1.jpg,2023-08-01 20:05:27+00:00
PoliticalMemes/knfjkpp93fab1.jpg,2023-07-18 06:57:56+00:00
PoliticalMemes/kojcbe30ek3b1.jpg,2023-07-06 02:51:31+00:00
PoliticalMemes/kokovlv74j6b1.jpg,2023-07-06 02:45:38+00:00
PoliticalMemes/kolh1ebj7rfb1.jpg,2023-08-03 19:50:28+00:00
PoliticalMemes/kps2i7l95z6b1.jpg,2023-07-06 02:45:04+00:00
PoliticalMemes/kso6pr35f45b1.png,2023-07-06 02:48:40+00:00
PoliticalMemes/ktbaldti3lfb1.jpg,2023-08-03 19:52:55+00:00
PoliticalMemes/kubabywzfwcb1.jpg,2023-07-20 05:20:37+00:00
PoliticalMemes/kuv40z0imcfb1.jpg,2023-08-01 20:03:46+00:00
PoliticalMemes/kyynlnmbmo5b1.jpg,2023-07-06 02:47:29+00:00
PoliticalMemes/kztktvfhi6eb1.jpg,2023-08-01 20:06:50+00:00
PoliticalMemes/l0mt4zc7ajdb1.jpg,2023-07-24 00:07:49+00:00
PoliticalMemes/l0oafgmasz7b1.gif,2023-07-06 02:43:32+00:00
PoliticalMemes/l31si3qersdb1.jpg,2023-07-24 00:07:32+00:00
PoliticalMemes/l3lhiq7kfgbb1.jpg,2023-07-18 06:57:11+00:00
PoliticalMemes/l3uzcqhcdffb1.jpg,2023-08-01 20:03:23+00:00
PoliticalMemes/l5m20ktbns7b1.jpg,2023-07-06 02:43:55+00:00
PoliticalMemes/l63z2fs4cmdb1.jpg,2023-07-24 00:07:40+00:00
PoliticalMemes/l71rsu73a07b1.png,2023-07-06 02:45:00+00:00
PoliticalMemes/l747of1h2fdb1.png,2023-07-24 00:07:53+00:00
PoliticalMemes/l75azm8m3k2b1.jpg,2023-07-06 02:52:55+00:00
PoliticalMemes/l7tfh1q84dfb1.png,2023-08-01 20:03:38+00:00
PoliticalMemes/l7vpsgb38e6b1.png,2023-07-06 02:46:02+00:00
PoliticalMemes/l8q2otfzohfb1.jpg,2023-08-01 20:03:15+00:00
PoliticalMemes/l9wqhn9q0edb1.jpg,2023-07-24 00:07:57+00:00
PoliticalMemes/la35yxohp8fb1.jpg,2023-08-01 20:03:53+00:00
PoliticalMemes/lac6nm81n15b1.png,2023-07-06 02:48:59+00:00
PoliticalMemes/lctd5ddr9fdb1.jpg,2023-07-24 00:07:52+00:00
PoliticalMemes/ld2yasviss9b1.png,2023-07-06 02:40:54+00:00
PoliticalMemes/ldmeadzr0w4b1.png,2023-07-06 02:49:25+00:00
PoliticalMemes/lf0s84rpz26b1.jpg,2023-07-06 02:46:35+00:00
PoliticalMemes/lh19s480kz7b1.png,2023-07-06 02:43:39+00:00
PoliticalMemes/lhm7vzoy4g6b1.jpg,2023-07-06 02:45:50+00:00
PoliticalMemes/lk4y3bferj5b1.jpg,2023-07-06 02:47:48+00:00
PoliticalMemes/ll9zkjzlwq8b1.png,2023-07-06 02:42:20+00:00
PoliticalMemes/lli42hl3na9b1.jpg,2023-07-06 02:41:30+00:00
PoliticalMemes/lmsqsl0owacb1.jpg,2023-07-18 06:56:39+00:00
PoliticalMemes/lmzm3lv2hkdb1.jpg,2023-07-24 00:07:43+00:00
PoliticalMemes/lnmimag5oreb1.jpg,2023-08-01 20:05:10+00:00
PoliticalMemes/lodqooojv6db1.jpg,2023-07-24 00:08:04+00:00
PoliticalMemes/lowey9h94xfb1.jpg,2023-08-03 19:48:24+00:00
PoliticalMemes/lpa12sssbg9b1.jpg,2023-07-06 02:41:20+00:00
PoliticalMemes/lq21q2mxhl3b1.jpg,2023-07-06 02:51:28+00:00
PoliticalMemes/lqgqpvpokdcb1.jpg,2023-07-18 06:56:34+00:00
PoliticalMemes/lr5vdr9im7bb1.jpg,2023-07-18 06:57:26+00:00
PoliticalMemes/lreka4rlnzdb1.jpg,2023-08-01 20:07:23+00:00
PoliticalMemes/lrlltpuvdz9b1.jpg,2023-07-06 02:40:44+00:00
PoliticalMemes/lry7mv2lrd6b1.jpg,2023-07-06 02:46:03+00:00
PoliticalMemes/lt8znmj60lfb1.jpg,2023-08-03 19:53:12+00:00
PoliticalMemes/ltcmnzs0tcfb1.jpg,2023-08-01 20:03:43+00:00
PoliticalMemes/lukooaadc8ab1.jpg,2023-07-06 02:40:32+00:00
PoliticalMemes/lviwtj5hei4b1.jpg,2023-07-06 02:50:05+00:00
PoliticalMemes/lwd7b4crw25b1.jpg,2023-07-06 02:48:45+00:00
PoliticalMemes/lwy988tx8deb1.jpg,2023-07-27 19:51:50+00:00
PoliticalMemes/lx72vbyr99ab1.jpg,2023-07-06 02:40:30+00:00
PoliticalMemes/lybcugzfgy4b1.gif,2023-07-06 02:49:13+00:00
PoliticalMemes/m07w3u6gwweb1.jpg,2023-08-01 20:04:49+00:00
PoliticalMemes/m0fhcbbju2eb1.jpg,2023-08-01 20:07:11+00:00
PoliticalMemes/m1qnyv0tdl4b1.jpg,2023-07-06 02:50:02+00:00
PoliticalMemes/m2vs0y3gf9eb1.jpg,2023-08-01 20:06:36+00:00
PoliticalMemes/m342fo2qwo7b1.png,2023-07-06 02:44:02+00:00
PoliticalMemes/m3qqxcctqidb1.jpg,2023-07-24 00:07:50+00:00
PoliticalMemes/m429gxfjw8eb1.jpg,2023-08-01 20:06:37+00:00
PoliticalMemes/m4junj3jpmcb1.jpg,2023-07-18 06:56:18+00:00
PoliticalMemes/m56g9gvm2yeb1.jpg,2023-08-01 20:04:36+00:00
PoliticalMemes/m5hpbavvmmab1.jpg,2023-07-18 06:57:47+00:00
PoliticalMemes/m5o0fotnpe5b1.jpg,2023-07-06 02:48:02+00:00
PoliticalMemes/m5xk99mv4yfb1.jpg,2023-08-03 19:47:59+00:00
PoliticalMemes/m64wqxe9on4b1.jpg,2023-07-06 02:49:52+00:00
PoliticalMemes/m6nvrx9bsz5b1.jpg,2023-07-06 02:46:46+00:00
PoliticalMemes/m7c6yi9ldreb1.png,2023-08-01 20:05:11+00:00
PoliticalMemes/m7lyuuriujdb1.jpg,2023-07-24 00:07:47+00:00
PoliticalMemes/m7ovw49mypdb1.png,2023-07-24 00:07:38+00:00
PoliticalMemes/m7sa2rnol07b1.jpg,2023-07-06 02:44:59+00:00
PoliticalMemes/m9uzueq4kzcb1.jpg,2023-07-20 05:20:33+00:00
PoliticalMemes/maepa9qe17ab1.png,2023-07-06 02:40:35+00:00
PoliticalMemes/maoz3rljop2b1.png,2023-07-06 02:52:37+00:00
PoliticalMemes/maw117rt9h6b1.jpg,2023-07-06 02:45:44+00:00
PoliticalMemes/mce3je9c6dcb1.jpg,2023-07-18 06:56:35+00:00
PoliticalMemes/medk4ilqmwfb1.png,2023-08-03 19:48:42+00:00
PoliticalMemes/mensay1to93b1.jpg,2023-07-06 02:51:52+00:00
PoliticalMemes/mftqa7eeshfb1.jpg,2023-08-01 20:03:13+00:00
PoliticalMemes/mg5gwu9hxmeb1.jpg,2023-08-01 20:05:26+00:00
PoliticalMemes/mgpyfdmmqz4b1.jpg,2023-07-06 02:49:08+00:00
PoliticalMemes/mk4nmetbes3b1.jpg,2023-07-06 02:51:08+00:00
PoliticalMemes/mkx9xlm2aq8b1.jpg,2023-07-06 02:42:34+00:00
PoliticalMemes/mmp171kods9b1.jpg,2023-07-06 02:40:54+00:00
PoliticalMemes/mnol5wo44sbb1.jpg,2023-07-18 06:57:02+00:00
PoliticalMemes/mnw186pna68b1.jpg,2023-07-06 02:43:14+00:00
PoliticalMemes/mo64d969bc3b1.png,2023-07-06 02:51:40+00:00
PoliticalMemes/motjmp2m5t1b1.jpg,2023-07-06 02:53:55+00:00
PoliticalMemes/mp3e5jllud7b1.png,2023-07-06 02:44:37+00:00
PoliticalMemes/mpnmta67ze4b1.png,2023-07-06 02:50:17+00:00
PoliticalMemes/mrkews5f414b1.jpg,2023-07-06 02:50:54+00:00
PoliticalMemes/msb3jgyvuxfb1.jpg,2023-08-03 19:48:01+00:00
PoliticalMemes/mszbfje54k9b1.png,2023-07-06 02:41:14+00:00
PoliticalMemes/mt263bnaid2b1.jpg,2023-07-06 02:53:15+00:00
PoliticalMemes/mtczpe3971db1.png,2023-07-20 05:20:30+00:00
PoliticalMemes/muiu9ai6j85b1.jpg,2023-07-06 02:48:27+00:00
PoliticalMemes/mvatez977r8b1.png,2023-07-06 02:42:30+00:00
PoliticalMemes/mve7sc5awq8b1.jpg,2023-07-06 02:42:22+00:00
PoliticalMemes/mw2jr89dfpbb1.jpg,2023-07-18 06:57:06+00:00
PoliticalMemes/my20rswb6d7b1.gif,2023-07-06 02:44:38+00:00
PoliticalMemes/n0mhz0w68kdb1.jpg,2023-07-24 00:07:44+00:00
PoliticalMemes/n1q4rpqdc18b1.jpg,2023-07-06 02:43:22+00:00
PoliticalMemes/n45jy84ajz4b1.jpg,2023-07-06 02:49:08+00:00
PoliticalMemes/n4ty8727okfb1.jpg,2023-08-03 19:53:24+00:00
PoliticalMemes/n69rd1o0hjcb1.jpg,2023-07-18 06:56:27+00:00
PoliticalMemes/n7ulo5botbbb1.jpg,2023-07-11 19:48:40+00:00
PoliticalMemes/n7vm0csfsdab1.jpg,2023-07-06 19:15:16+00:00
PoliticalMemes/n92massz9keb1.png,2023-07-28 19:50:45+00:00
PoliticalMemes/n957htgq986b1.jpg,2023-07-06 02:46:24+00:00
PoliticalMemes/n965y5ou8m4b1.png,2023-07-06 02:49:57+00:00
PoliticalMemes/n967v4vq15fb1.jpg,2023-08-01 20:04:09+00:00
PoliticalMemes/nTds_b3Q8DeTRJWnWemYnBgLXhCItNKeGW8mTbQMn4g.png?auto=webp&v=enabled&s=f9c90bed4d559645ff33bc373c4270ab9760c5b5,2023-07-06 02:48:19+00:00
PoliticalMemes/nbj6o0ogyh9b1.jpg,2023-07-06 02:41:01+00:00
PoliticalMemes/ne9q1v9ltv6b1.jpg,2023-07-06 02:45:06+00:00
PoliticalMemes/nfjnrae9uueb1.jpg,2023-08-01 20:04:58+00:00
PoliticalMemes/ngbwbsa4fy9b1.jpg,2023-07-06 02:40:38+00:00
PoliticalMemes/nic6557ulleb1.png,2023-08-01 20:05:33+00:00
PoliticalMemes/nj1264tlvl3b1.jpg,2023-07-06 02:51:25+00:00
PoliticalMemes/nkne8cwdxyeb1.jpg,2023-08-01 20:04:31+00:00
PoliticalMemes/nlwyi8gduh3b1.jpg,2023-07-06 02:51:37+00:00
PoliticalMemes/nm3dzk922bfb1.png,2023-08-01 20:03:51+00:00
PoliticalMemes/nm8q7g3nvu5b1.jpg,2023-07-06 02:47:06+00:00
PoliticalMemes/nnh3owz8v22b1.png,2023-07-06 02:53:49+00:00
PoliticalMemes/np8pxgq3gudb1.jpg,2023-08-01 20:07:46+00:00
PoliticalMemes/npf90pf5shcb1.jpg,2023-07-18 06:56:29+00:00
PoliticalMemes/nq58hkrv9xbb1.gif,2023-07-18 06:56:55+00:00
PoliticalMemes/nujs45j3fy8b1.jpg,2023-07-06 02:42:16+00:00
PoliticalMemes/nwrmiz0mno8b1.jpg,2023-07-06 02:42:39+00:00
PoliticalMemes/nxnhqt6vtj5b1.jpg,2023-07-06 02:47:46+00:00
PoliticalMemes/ny0dtehfl77b1.jpg,2023-07-06 02:44:48+00:00
PoliticalMemes/nyggd15n3y9b1.gif,2023-07-06 02:40:45+00:00
PoliticalMemes/nztiwu761gfb1.jpg,2023-08-01 20:03:21+00:00
PoliticalMemes/o1a1xpx7dodb1.jpg,2023-07-24 00:07:39+00:00
PoliticalMemes/o1q5r3a7e2ab1.jpg,2023-07-06 02:40:38+00:00
PoliticalMemes/o1stakf3lrcb1.jpg,2023-07-18 19:38:08+00:00
PoliticalMemes/o2gul5ly5p6b1.jpg,2023-07-06 02:45:24+00:00
PoliticalMemes/o2y2v1nqb79b1.jpg,2023-07-06 02:41:39+00:00
PoliticalMemes/o32ob5howc8b1.gif,2023-07-06 02:43:06+00:00
PoliticalMemes/o3fn7uejmrab1.jpg,2023-07-18 06:57:43+00:00
PoliticalMemes/o3hzllp3aqfb1.jpg,2023-08-03 19:50:36+00:00
PoliticalMemes/o3z2igante7b1.jpg,2023-07-06 02:44:29+00:00
PoliticalMemes/o49zvs62zd5b1.jpg,2023-07-06 02:48:14+00:00
PoliticalMemes/o57gu0hehn3b1.gif,2023-07-06 02:51:20+00:00
PoliticalMemes/o5mgsjvifr9b1.jpg,2023-07-06 02:40:59+00:00
PoliticalMemes/o6h7pru2t0eb1.jpg,2023-08-01 20:07:16+00:00
PoliticalMemes/o6tn9mk9onab1.jpg,2023-07-08 19:49:29+00:00
PoliticalMemes/o6uwjiybwa2b1.png,2023-07-06 02:53:16+00:00
PoliticalMemes/o94o4r9qvdcb1.jpg,2023-07-18 06:56:33+00:00
PoliticalMemes/o9vu8box2aeb1.jpg,2023-08-01 20:06:32+00:00
PoliticalMemes/odid2s4666fb1.jpg,2023-08-01 20:04:02+00:00
PoliticalMemes/odtoehfehf6b1.jpg,2023-07-06 02:45:53+00:00
PoliticalMemes/ogcubc7p0o7b1.jpg,2023-07-06 02:44:05+00:00
PoliticalMemes/oh0s776d44eb1.jpg,2023-08-01 20:07:08+00:00
PoliticalMemes/oicib660t4eb1.jpg,2023-08-01 20:07:06+00:00
PoliticalMemes/oigr2gehp03b1.png,2023-07-06 02:52:17+00:00
PoliticalMemes/oisphrrj5e5b1.gif,2023-07-06 02:48:08+00:00
PoliticalMemes/oj28dha0beeb1.jpg,2023-08-01 20:06:13+00:00
PoliticalMemes/ojvblpq0jg7b1.jpg,2023-07-06 02:44:22+00:00
PoliticalMemes/okcmvzwssp4b1.png,2023-07-06 02:49:45+00:00
PoliticalMemes/okr7jcpyb49b1.jpg,2023-07-06 02:41:58+00:00
PoliticalMemes/onab74ojf8ab1.jpg,2023-07-06 02:40:32+00:00
PoliticalMemes/oq07rfbsxr9b1.jpg,2023-07-06 02:40:58+00:00
PoliticalMemes/oqf8j9em7p3b1.jpg,2023-07-06 02:51:15+00:00
PoliticalMemes/oqzrdddwz16b1.jpg,2023-07-06 02:46:37+00:00
PoliticalMemes/otro8fl0yrdb1.jpg,2023-07-24 00:07:33+00:00
PoliticalMemes/otul3uuhkb5b1.jpg,2023-07-06 02:48:18+00:00
PoliticalMemes/ounme1e532eb1.jpg,2023-08-01 20:07:13+00:00
PoliticalMemes/ouqq3qrizz1b1.png,2023-07-06 02:53:59+00:00
PoliticalMemes/ous9pyoc9v8b1.jpg,2023-07-06 02:42:23+00:00
PoliticalMemes/owg575vq1nbb1.jpg,2023-07-18 06:57:09+00:00
PoliticalMemes/owxp5toq9sdb1.png,2023-07-24 00:07:32+00:00
PoliticalMemes/owzzlbS.jpg,2023-07-06 02:45:14+00:00
PoliticalMemes/oy1bnlf12wdb1.jpg,2023-08-01 20:07:38+00:00
PoliticalMemes/oz255fys7pfb1.jpg,2023-08-03 19:50:55+00:00
PoliticalMemes/oz3qe21gj5cb1.jpg,2023-07-18 06:56:42+00:00
PoliticalMemes/oz578wo9y32b1.jpg,2023-07-06 02:53:46+00:00
PoliticalMemes/oz64iu6f8c2b1.jpg,2023-07-06 02:53:18+00:00
PoliticalMemes/ozw29sdm5n4b1.jpg,2023-07-06 02:49:56+00:00
PoliticalMemes/p0278b5l4d4b1.jpg,2023-07-06 02:50:25+00:00
PoliticalMemes/p1f6twvsun3b1.jpg,2023-07-06 02:51:18+00:00
PoliticalMemes/p1jp0pbyweeb1.jpg,2023-08-01 20:06:11+00:00
PoliticalMemes/p1krinsfsu2b1.jpg,2023-07-06 02:52:24+00:00
PoliticalMemes/p1lpaat1y0ab1.jpg,2023-07-06 02:40:43+00:00
PoliticalMemes/p1wckkdmu4eb1.jpg,2023-08-01 20:07:03+00:00
PoliticalMemes/p3y2ytphis7b1.jpg,2023-07-06 02:43:56+00:00
PoliticalMemes/p4h38y3o0g9b1.jpg,2023-07-06 02:41:21+00:00
PoliticalMemes/p5e2l0ucmjeb1.jpg,2023-08-01 20:05:47+00:00
PoliticalMemes/p5l0mrz7kydb1.jpg,2023-08-01 20:07:30+00:00
PoliticalMemes/p5shnvos3edb1.jpg,2023-07-24 00:07:55+00:00
PoliticalMemes/p7od8zkm52cb1.jpg,2023-07-18 06:56:47+00:00
PoliticalMemes/p8aylwzzxo8b1.jpg,2023-07-06 02:42:39+00:00
PoliticalMemes/pae3mktjrscb1.jpg,2023-07-20 05:20:43+00:00
PoliticalMemes/parng8n6859b1.jpg,2023-07-06 02:41:55+00:00
PoliticalMemes/pb9i6z1w40fb1.jpg,2023-08-01 20:04:23+00:00
PoliticalMemes/pcmhmjgmm1bb1.gif,2023-07-18 06:57:34+00:00
PoliticalMemes/pd2d517oew9b1.jpg,2023-07-06 02:40:46+00:00
PoliticalMemes/pd6d6af5n99b1.jpg,2023-07-06 02:41:34+00:00
PoliticalMemes/pf6m9x6icscb1.png,2023-07-20 05:20:46+00:00
PoliticalMemes/pf9gwgxhq68b1.jpg,2023-07-06 02:43:12+00:00
PoliticalMemes/pfrbh6t8t83b1.jpg,2023-07-06 02:51:57+00:00
PoliticalMemes/phoysp2wxebb1.jpg,2023-07-18 06:57:20+00:00
PoliticalMemes/phuongkk8feb1.jpg,2023-08-01 20:06:08+00:00
PoliticalMemes/pj59cydso92b1.jpg,2023-07-06 02:53:23+00:00
PoliticalMemes/pjlyc3z7bucb1.jpg,2023-07-20 05:20:41+00:00
PoliticalMemes/pkp4nkq3exdb1.jpg,2023-08-01 20:07:37+00:00
PoliticalMemes/pkyz0c6vnm5b1.jpg,2023-07-06 02:47:40+00:00
PoliticalMemes/pl1o1saxf8db1.jpg,2023-07-24 00:08:02+00:00
PoliticalMemes/plmfyrrmn6db1.jpg,2023-07-24 00:08:05+00:00
PoliticalMemes/pnbrg9bw6d6b1.jpg,2023-07-06 02:46:06+00:00
PoliticalMemes/pnjtwcu114ab1.jpg,2023-07-06 02:40:37+00:00
PoliticalMemes/po1nentw144b1.png,2023-07-06 02:50:39+00:00
PoliticalMemes/poz4tzw47n8b1.jpg,2023-07-06 02:42:28+00:00
PoliticalMemes/pp5cpqkq5u9b1.jpg,2023-07-06 02:40:49+00:00
PoliticalMemes/ppej7unbvy7b1.jpg,2023-07-06 02:43:43+00:00
PoliticalMemes/ppj0lh8gnkdb1.jpg,2023-07-24 00:07:43+00:00
PoliticalMemes/ppj6vhs2lj3b1.jpg,2023-07-06 02:51:33+00:00
PoliticalMemes/pplqcwjosofb1.png,2023-08-03 19:51:16+00:00
PoliticalMemes/pqlhwxb4jddb1.jpg,2023-07-24 00:07:59+00:00
PoliticalMemes/pqts2y43ro6b1.jpg,2023-07-06 02:45:26+00:00
PoliticalMemes/prjxn7lmgnfb1.jpg,2023-08-03 19:51:32+00:00
PoliticalMemes/ps8nf4thyv4b1.jpg,2023-07-06 02:49:26+00:00
PoliticalMemes/ptqrgn27bweb1.png,2023-08-01 20:04:52+00:00
PoliticalMemes/ptqxyubrbdfb1.jpg,2023-08-01 20:03:36+00:00
PoliticalMemes/ptta8wcqmtcb1.jpg,2023-07-20 05:20:43+00:00
PoliticalMemes/pyaynrw34rab1.jpg,2023-07-18 06:57:44+00:00
PoliticalMemes/pyicp7bo1jbb1.gif,2023-07-18 06:57:16+00:00
PoliticalMemes/pykw6et0i52b1.jpg,2023-07-06 02:53:35+00:00
PoliticalMemes/pyuftqps4e4b1.jpg,2023-07-06 02:50:16+00:00
PoliticalMemes/pyuiotxxkd6b1.jpg,2023-07-06 02:46:03+00:00
PoliticalMemes/pzm1gh32g75b1.jpg,2023-07-06 02:48:30+00:00
PoliticalMemes/q11f7cri5m9b1.jpg,2023-07-06 02:41:07+00:00
PoliticalMemes/q1mzxh0lk0fb1.jpg,2023-08-01 20:04:21+00:00
PoliticalMemes/q2wwjwe8bo2b1.png,2023-07-06 02:52:37+00:00
PoliticalMemes/q2z25umsn6fb1.jpg,2023-08-01 20:03:58+00:00
PoliticalMemes/q3nay2xtu0ab1.jpg,2023-07-06 02:40:43+00:00
PoliticalMemes/q443emgv2oab1.jpg,2023-07-18 06:57:46+00:00
PoliticalMemes/q50ounseck2b1.jpg,2023-07-06 02:52:51+00:00
PoliticalMemes/q6ddzfwbdo3b1.jpg,2023-07-06 02:51:16+00:00
PoliticalMemes/q7t8lefpmw5b1.jpg,2023-07-06 02:46:53+00:00
PoliticalMemes/q8kuhj8hqtcb1.jpg,2023-07-20 05:20:42+00:00
PoliticalMemes/q8otrnnmcm2b1.png,2023-07-06 02:52:45+00:00
PoliticalMemes/q9ci8r49xv5b1.png,2023-07-06 02:47:02+00:00
PoliticalMemes/qbda79x0t9eb1.jpg,2023-08-01 20:06:34+00:00
PoliticalMemes/qbkrzc88tucb1.jpg,2023-07-20 05:20:39+00:00
PoliticalMemes/qdft30oglv5b1.jpg,2023-07-06 02:47:03+00:00
PoliticalMemes/qdqojet7yt5b1.jpg,2023-07-06 02:47:15+00:00
PoliticalMemes/qducu9u2d29b1.jpg,2023-07-06 02:42:03+00:00
PoliticalMemes/qf8x9n9ll79b1.jpg,2023-07-06 02:41:44+00:00
PoliticalMemes/qghkzuunvieb1.jpg,2023-08-01 20:05:48+00:00
PoliticalMemes/qhxr908n81bb1.jpg,2023-07-18 06:57:34+00:00
PoliticalMemes/qi4qy850ny6b1.jpg,2023-07-06 02:45:02+00:00
PoliticalMemes/qilhdbobw03b1.png,2023-07-06 02:52:15+00:00
PoliticalMemes/qj15nb6wftab1.jpg,2023-07-18 06:57:42+00:00
PoliticalMemes/qj91k70m3ufb1.jpg,2023-08-03 19:48:02+00:00
PoliticalMemes/qlgm0to60k6b1.jpg,2023-07-06 02:45:35+00:00
PoliticalMemes/qmlfzdusx02b1.jpg,2023-07-06 02:53:53+00:00
PoliticalMemes/qmmw6mp92f7b1.jpg,2023-07-06 02:44:27+00:00
PoliticalMemes/qmt3m4qdm4bb1.jpg,2023-07-12 19:51:45+00:00
PoliticalMemes/qna9d4u7138b1.jpg,2023-07-06 02:43:18+00:00
PoliticalMemes/qnhhocybsheb1.jpg,2023-08-01 20:06:00+00:00
PoliticalMemes/qo2ie6g65m5b1.jpg,2023-07-06 02:47:41+00:00
PoliticalMemes/qoga3mrvxpcb1.jpg,2023-07-20 05:20:53+00:00
PoliticalMemes/qqejjugivl8b1.jpg,2023-07-06 02:42:46+00:00
PoliticalMemes/qr19oq24pt8b1.jpg,2023-07-06 02:42:29+00:00
PoliticalMemes/qrnww9o9272b1.jpg,2023-07-06 02:53:34+00:00
PoliticalMemes/qsvvhosihp5b1.jpg,2023-07-06 02:47:26+00:00
PoliticalMemes/qt3dz1g1yz4b1.png,2023-07-06 02:49:05+00:00
PoliticalMemes/quuyzpqp95fb1.jpg,2023-08-01 20:04:05+00:00
PoliticalMemes/qvmyh948fm8b1.jpg,2023-07-06 02:42:44+00:00
PoliticalMemes/qz6aok3qc73b1.jpg,2023-07-06 02:52:00+00:00
PoliticalMemes/r0jz0ey0t86b1.jpg,2023-07-06 02:46:21+00:00
PoliticalMemes/r169jb38ctdb1.jpg,2023-08-01 20:07:48+00:00
PoliticalMemes/r1rrl1uc1yab1.jpg,2023-07-18 06:57:38+00:00
PoliticalMemes/r2mjm9mmq4cb1.jpg,2023-07-16 19:43:41+00:00
PoliticalMemes/r585fc9rb4eb1.jpg,2023-08-01 20:07:06+00:00
PoliticalMemes/r5rtudxb063b1.jpg,2023-07-06 02:52:04+00:00
PoliticalMemes/r6xn4joqexeb1.png,2023-08-01 20:04:46+00:00
PoliticalMemes/r85un9tj1i8b1.png,2023-07-06 02:42:54+00:00
PoliticalMemes/ra5wf7jywf6b1.jpg,2023-07-06 02:45:50+00:00
PoliticalMemes/rah6lq5ujl3b1.gif,2023-07-06 02:51:27+00:00
PoliticalMemes/rcgqjvcx6mcb1.jpg,2023-07-18 06:56:20+00:00
PoliticalMemes/rci15xid9mfb1.jpg,2023-08-03 19:51:48+00:00
PoliticalMemes/rdallpcrxw4b1.jpg,2023-07-06 02:49:18+00:00
PoliticalMemes/rdp209v6nj3b1.jpg,2023-07-06 02:51:30+00:00
PoliticalMemes/rg01btieufbb1.jpg,2023-07-18 06:57:18+00:00
PoliticalMemes/rh3yuh8cnw4b1.jpg,2023-07-06 02:49:21+00:00
PoliticalMemes/rheb8xr8bl5b1.jpg,2023-07-06 02:47:42+00:00
PoliticalMemes/riarm77z3sfb1.jpg,2023-08-03 19:50:08+00:00
PoliticalMemes/rk1ob0esjh9b1.jpg,2023-07-06 02:41:12+00:00
PoliticalMemes/rl656d886i6b1.jpg,2023-07-06 02:45:42+00:00
PoliticalMemes/rmxstdxvl0bb1.jpg,2023-07-18 06:57:36+00:00
PoliticalMemes/rn5j3vnrfp3b1.jpg,2023-07-06 02:51:14+00:00
PoliticalMemes/rnq05i9epk2b1.jpg,2023-07-06 02:52:49+00:00
PoliticalMemes/rnv2oepbj45b1.gif,2023-07-06 02:48:38+00:00
PoliticalMemes/ro5gfwdyqc5b1.jpg,2023-07-06 02:48:15+00:00
PoliticalMemes/roqymuk5mefb1.jpg,2023-08-01 20:03:28+00:00
PoliticalMemes/rps6gwvq9sbb1.jpg,2023-07-18 06:57:01+00:00
PoliticalMemes/rq3x54rfolfb1.png,2023-08-03 19:52:26+00:00
PoliticalMemes/rrkgeyunuydb1.jpg,2023-08-01 20:07:27+00:00
PoliticalMemes/rsvu0kg11pfb1.jpg,2023-08-03 19:51:04+00:00
PoliticalMemes/ruby0lpe7ieb1.jpg,2023-08-01 20:05:58+00:00
PoliticalMemes/rv2qbzyhdm3b1.jpg,2023-07-06 02:51:22+00:00
PoliticalMemes/rw9splcnqr6b1.jpg,2023-07-06 02:45:22+00:00
PoliticalMemes/rwiyfrm6sp2b1.jpg,2023-07-06 02:52:38+00:00
PoliticalMemes/rxco3y0yfkcb1.jpg,2023-07-18 06:56:25+00:00
PoliticalMemes/rxskh3vdq9fb1.gif,2023-08-01 20:03:53+00:00
PoliticalMemes/ryzsvjpmocfb1.jpg,2023-08-01 20:03:44+00:00
PoliticalMemes/rzrxpo0ndbeb1.jpg,2023-08-01 20:06:29+00:00
PoliticalMemes/s0m2upey3kdb1.jpg,2023-07-24 00:07:46+00:00
PoliticalMemes/s2sh9e3jgf5b1.jpg,2023-07-06 02:48:01+00:00
PoliticalMemes/s5bddwltrtbb1.jpg,2023-07-18 06:57:01+00:00
PoliticalMemes/s5p8pmrk5vbb1.jpg,2023-07-18 06:56:57+00:00
PoliticalMemes/s657t91t3n7b1.jpg,2023-07-06 02:44:06+00:00
PoliticalMemes/s6d5gj8e24db1.jpg,2023-07-24 00:08:11+00:00
PoliticalMemes/s6s0qz82dh5b1.jpg,2023-07-06 02:47:51+00:00
PoliticalMemes/s8xx21uiu6cb1.jpg,2023-07-18 06:56:33+00:00
PoliticalMemes/s95kzaloz68b1.jpg,2023-07-06 02:43:11+00:00
PoliticalMemes/s988493zae6b1.jpg,2023-07-06 02:46:00+00:00
PoliticalMemes/s9bdvdud45eb1.jpg,2023-08-01 20:07:00+00:00
PoliticalMemes/sa1mcwz71ifb1.png,2023-08-01 20:03:09+00:00
PoliticalMemes/sa95naxlez8b1.jpg,2023-07-06 02:42:12+00:00
PoliticalMemes/sao1rz5c1edb1.jpg,2023-07-24 00:07:56+00:00
PoliticalMemes/sb9ie5d16d7b1.gif,2023-07-06 02:44:38+00:00
PoliticalMemes/sbw5518azw2b1.jpg,2023-07-06 02:52:23+00:00
PoliticalMemes/sdtebyiry4db1.jpg,2023-07-21 19:50:13+00:00
PoliticalMemes/sex7imei4lfb1.jpg,2023-08-03 19:52:51+00:00
PoliticalMemes/sfsgov9r85eb1.jpg,2023-08-01 20:06:57+00:00
PoliticalMemes/sgfi7fngk27b1.jpg,2023-07-06 02:44:54+00:00
PoliticalMemes/sgqe19ov7i4b1.gif,2023-07-06 02:50:08+00:00
PoliticalMemes/sgszcdzsrpfb1.gif,2023-08-03 19:50:48+00:00
PoliticalMemes/siqm3ex0096b1.jpg,2023-07-06 02:46:20+00:00
PoliticalMemes/sjlvq0v5txeb1.jpg,2023-08-01 20:04:40+00:00
PoliticalMemes/sly746139y6b1.jpg,2023-07-06 02:45:05+00:00
PoliticalMemes/smru6vykq4ab1.jpg,2023-07-06 02:40:36+00:00
PoliticalMemes/smub79b8ordb1.jpg,2023-07-24 00:07:33+00:00
PoliticalMemes/sn98wyolggdb1.jpg,2023-07-24 00:07:52+00:00
PoliticalMemes/snvvbiqt9f6b1.jpg,2023-07-06 02:45:56+00:00
PoliticalMemes/son2enej1o9b1.jpg,2023-07-06 02:41:00+00:00
PoliticalMemes/sorgb2v9u3db1.jpg,2023-07-24 00:08:12+00:00
PoliticalMemes/spevvw8n06db1.jpg,2023-07-24 00:08:07+00:00
PoliticalMemes/sqbw4z6gv8ab1.jpg,2023-07-06 02:40:31+00:00
PoliticalMemes/sqoffdxgrr3b1.jpg,2023-07-06 02:51:09+00:00
PoliticalMemes/sraha01kob9b1.png,2023-07-06 02:41:31+00:00
PoliticalMemes/sravpae0ei3b1.gif,2023-07-06 02:51:37+00:00
PoliticalMemes/src2k8yvcz4b1.gif,2023-07-06 02:49:10+00:00
PoliticalMemes/srpw8sgfrweb1.jpg,2023-08-01 20:04:50+00:00
PoliticalMemes/stbmci6xzefb1.jpg,2023-08-01 20:03:27+00:00
PoliticalMemes/sttxdarpet6b1.jpg,2023-07-06 02:45:17+00:00
PoliticalMemes/su9qypwahgab1.jpg,2023-07-07 19:49:30+00:00
PoliticalMemes/sv1r3x3x059b1.jpg,2023-07-06 02:41:57+00:00
PoliticalMemes/sw3y334w808b1.jpg,2023-07-06 02:43:28+00:00
PoliticalMemes/swliekgk7c6b1.jpg,2023-07-06 02:46:09+00:00
PoliticalMemes/sx7p36pzrleb1.jpg,2023-08-01 20:05:31+00:00
PoliticalMemes/sxutupuvk6db1.jpg,2023-07-21 19:15:18+00:00
PoliticalMemes/syaqym5rvfab1.jpg,2023-07-18 06:57:54+00:00
PoliticalMemes/syar7w9xab2b1.jpg,2023-07-06 02:53:25+00:00
PoliticalMemes/syid8wqo40bb1.jpg,2023-07-18 06:57:36+00:00
PoliticalMemes/sz6hgpyg2ebb1.png,2023-07-18 06:57:21+00:00
PoliticalMemes/sznblvfiu27b1.jpg,2023-07-06 02:44:53+00:00
PoliticalMemes/t26dx6kc5peb1.jpg,2023-08-01 20:05:23+00:00
PoliticalMemes/t40i9m3h3sfb1.png,2023-08-03 19:50:12+00:00
PoliticalMemes/t41yaq0oyofb1.jpg,2023-08-03 19:51:08+00:00
PoliticalMemes/t4qkh4qxceab1.jpg,2023-07-12 19:56:51+00:00
PoliticalMemes/t4tv0ua9mn4b1.jpg,2023-07-06 02:49:53+00:00
PoliticalMemes/t4x95gmcjxcb1.jpg,2023-07-20 05:20:35+00:00
PoliticalMemes/t52y7cik2kdb1.jpg,2023-07-24 00:07:47+00:00
PoliticalMemes/t55bp1mke4db1.png,2023-07-24 00:08:10+00:00
PoliticalMemes/t7f4pc1tye8b1.jpg,2023-07-06 02:43:00+00:00
PoliticalMemes/t8b85hdypjbb1.png,2023-07-18 06:57:13+00:00
PoliticalMemes/t94r0fn0xxfb1.png,2023-08-03 19:48:01+00:00
PoliticalMemes/ta1lrgvcsb7b1.jpg,2023-07-06 02:44:39+00:00
PoliticalMemes/tapdjq57kn2b1.png,2023-07-06 02:52:48+00:00
PoliticalMemes/tb11ru9prt5b1.jpg,2023-07-06 02:47:16+00:00
PoliticalMemes/tb6ck607xi6b1.jpg,2023-07-06 02:45:39+00:00
PoliticalMemes/tddiwfkvq5ab1.jpg,2023-07-06 02:40:35+00:00
PoliticalMemes/teu38edwxxeb1.jpg,2023-08-01 20:04:39+00:00
PoliticalMemes/tfbbq555ewfb1.jpg,2023-08-03 19:48:56+00:00
PoliticalMemes/tfqcfegvoe2b1.jpg,2023-07-06 02:53:13+00:00
PoliticalMemes/tgk6y84g5gab1.jpg,2023-07-18 06:57:55+00:00
PoliticalMemes/tgoaa5dfxv4b1.jpg,2023-07-06 02:49:27+00:00
PoliticalMemes/tgsf06ekhgcb1.jpg,2023-07-18 06:56:30+00:00
PoliticalMemes/th5x8n2jdlfb1.jpg,2023-08-03 19:52:31+00:00
PoliticalMemes/tiayao43i0na1.jpg,2023-07-06 19:15:17+00:00
PoliticalMemes/tjimwb2301fb1.jpg,2023-07-30 19:49:32+00:00
PoliticalMemes/tjn43z3zj0cb1.jpg,2023-07-18 06:56:49+00:00
PoliticalMemes/tk0vgz34iscb1.jpg,2023-07-20 05:20:44+00:00
PoliticalMemes/tk143sa95v5b1.jpg,2023-07-06 02:47:04+00:00
PoliticalMemes/tkmmquyj4kxa1.png,2023-07-18 06:56:51+00:00
PoliticalMemes/tl1kvb26pmfb1.jpg,2023-08-03 19:51:44+00:00
PoliticalMemes/tlrt705kh5ab1.png,2023-07-06 02:40:35+00:00
PoliticalMemes/tm434xmgtaeb1.jpg,2023-08-01 20:06:30+00:00
PoliticalMemes/tmbqncotn5eb1.gif,2023-08-01 20:06:53+00:00
PoliticalMemes/tmdmt4j7i5eb1.jpg,2023-08-01 20:06:55+00:00
PoliticalMemes/tmmk2c5j8mfb1.jpg,2023-08-03 19:51:55+00:00
PoliticalMemes/tncxt07us1bb1.jpg,2023-07-18 06:57:33+00:00
PoliticalMemes/tni27did0leb1.gif,2023-08-01 20:05:38+00:00
PoliticalMemes/tnn1gdjp3ubb1.gif,2023-07-18 06:56:59+00:00
PoliticalMemes/tnvxm5vh0w6b1.jpg,2023-07-06 02:45:08+00:00
PoliticalMemes/toQx5FO.png,2023-07-06 02:40:56+00:00
PoliticalMemes/topqsxxm6kfb1.jpg,2023-08-03 19:53:40+00:00
PoliticalMemes/totfbcerycab1.jpg,2023-07-06 19:15:17+00:00
PoliticalMemes/tr1ykjgoaa6b1.jpg,2023-07-06 02:46:14+00:00
PoliticalMemes/ts3lk7sbzj8b1.jpg,2023-07-06 02:42:50+00:00
PoliticalMemes/ttgl94a3s8ab1.jpg,2023-07-06 02:40:31+00:00
PoliticalMemes/tugjzb4nndcb1.jpg,2023-07-18 06:56:28+00:00
PoliticalMemes/txi857rhy56b1.jpg,2023-07-06 02:46:31+00:00
PoliticalMemes/ty9dtvnmnyeb1.jpg,2023-08-01 20:04:35+00:00
PoliticalMemes/u3jh6arma45b1.gif,2023-07-06 02:48:41+00:00
PoliticalMemes/u41vtt1g8bdb1.jpg,2023-07-24 00:08:00+00:00
PoliticalMemes/u4qmkvm3ze8b1.png,2023-07-06 02:42:59+00:00
PoliticalMemes/u5rc49b9nz7b1.jpg,2023-07-06 02:43:36+00:00
PoliticalMemes/u5rhnezzyo8b1.jpg,2023-07-06 02:42:37+00:00
PoliticalMemes/u6k41j76q96b1.jpg,2023-07-06 02:46:17+00:00
PoliticalMemes/u7hr3ur1k5db1.jpg,2023-07-24 00:08:07+00:00
PoliticalMemes/u7m6qc8gnb5b1.gif,2023-07-06 02:48:17+00:00
PoliticalMemes/u7ok0v6g9k3b1.jpg,2023-07-06 02:51:32+00:00
PoliticalMemes/u8kix7y12kfb1.jpg,2023-08-03 19:53:51+00:00
PoliticalMemes/u91pij81aweb1.jpg,2023-08-01 20:04:54+00:00
PoliticalMemes/u9p0zdxkrg4b1.jpg,2023-07-06 02:50:12+00:00
PoliticalMemes/ubhtxot2mqab1.jpg,2023-07-18 06:57:45+00:00
PoliticalMemes/ubonf6ne5keb1.jpg,2023-08-01 20:05:42+00:00
PoliticalMemes/ubtu5nqvaqeb1.jpg,2023-08-01 20:05:19+00:00
PoliticalMemes/udgf4p23yxfb1.jpg,2023-08-03 19:48:00+00:00
PoliticalMemes/uegb4l1tnfeb1.png,2023-08-01 20:06:06+00:00
PoliticalMemes/ueq1r5nwds4b1.png,2023-07-06 02:49:38+00:00
PoliticalMemes/ufpj5h9n92eb1.jpg,2023-08-01 20:07:11+00:00
PoliticalMemes/ui37ye544jcb1.jpg,2023-07-18 06:56:27+00:00
PoliticalMemes/ujzyi9w55w5b1.jpg,2023-07-06 02:46:58+00:00
PoliticalMemes/ulc3xj5r75cb1.jpg,2023-07-15 19:48:17+00:00
PoliticalMemes/ulzr6uxl3veb1.jpg,2023-08-01 20:04:57+00:00
PoliticalMemes/unjwsip1wndb1.jpg,2023-07-24 00:07:39+00:00
PoliticalMemes/uoyb3eo1ia3b1.jpg,2023-07-06 02:51:51+00:00
PoliticalMemes/up3dh5pp9rdb1.jpg,2023-07-24 00:07:36+00:00
PoliticalMemes/uqegcebafo9b1.jpg,2023-07-06 02:40:48+00:00
PoliticalMemes/urgasf0tlb2b1.png,2023-07-06 02:53:16+00:00
PoliticalMemes/ury7yjbuml4b1.gif,2023-07-06 02:50:02+00:00
PoliticalMemes/us2mqlkv5zcb1.gif,2023-07-20 05:20:34+00:00
PoliticalMemes/us3epzts55eb1.jpg,2023-08-01 20:06:58+00:00
PoliticalMemes/uvtartkgvydb1.jpg,2023-08-01 20:07:26+00:00
PoliticalMemes/ux1ula55ks4b1.jpg,2023-07-06 02:49:36+00:00
PoliticalMemes/uxpty3xjbybb1.jpg,2023-07-18 06:56:55+00:00
PoliticalMemes/uzu1lqpj28bb1.jpg,2023-07-18 06:57:26+00:00
PoliticalMemes/v0th1simgsfb1.jpg,2023-08-03 19:50:02+00:00
PoliticalMemes/v1o98ov8lteb1.jpg,2023-08-01 20:05:04+00:00
PoliticalMemes/v1tdi1ocwteb1.jpg,2023-08-01 20:05:04+00:00
PoliticalMemes/v73w46hdrieb1.jpg,2023-08-01 20:05:51+00:00
PoliticalMemes/v80jj9zhih9b1.jpg,2023-07-06 02:41:17+00:00
PoliticalMemes/v9nmzojwiueb1.jpg,2023-08-01 20:04:59+00:00
PoliticalMemes/vacciaey4s6b1.jpg,2023-07-06 02:45:20+00:00
PoliticalMemes/vaisxttgo4bb1.jpg,2023-07-18 06:57:32+00:00
PoliticalMemes/vchkz3kxt9fb1.png,2023-08-01 20:03:47+00:00
PoliticalMemes/vcjoiyfshj2b1.jpg,2023-07-06 02:52:55+00:00
PoliticalMemes/vcr6zml8llcb1.png,2023-07-18 06:56:21+00:00
PoliticalMemes/vdy3lihzjkab1.jpg,2023-07-18 06:57:49+00:00
PoliticalMemes/vf92bzgkmu6b1.jpg,2023-07-06 02:45:11+00:00
PoliticalMemes/vhlddxq6mrdb1.jpg,2023-07-24 00:07:33+00:00
PoliticalMemes/vhtw837dllbb1.jpg,2023-07-16 19:46:56+00:00
PoliticalMemes/vi701xvzs3bb1.jpg,2023-07-18 06:57:33+00:00
PoliticalMemes/vih921pcdgeb1.gif,2023-08-01 20:06:03+00:00
PoliticalMemes/vinilyk73x5b1.jpg,2023-07-06 02:46:51+00:00
PoliticalMemes/vis4o7hrv15b1.jpg,2023-07-06 02:48:56+00:00
PoliticalMemes/vix60sh1whcb1.jpg,2023-07-18 06:56:28+00:00
PoliticalMemes/vjkt9cknh42b1.jpg,2023-07-06 02:53:42+00:00
PoliticalMemes/vn423mq8xibb1.jpg,2023-07-18 06:57:17+00:00
PoliticalMemes/vog3c0tsxcdb1.jpg,2023-07-24 00:07:59+00:00
PoliticalMemes/voo48kl0jtbb1.jpg,2023-07-18 06:57:01+00:00
PoliticalMemes/votgcb370qfb1.jpg,2023-08-03 19:50:24+00:00
PoliticalMemes/vp01vz0galfb1.jpg,2023-08-03 19:52:35+00:00
PoliticalMemes/vpd7dne8ipab1.jpg,2023-07-18 06:57:39+00:00
PoliticalMemes/vpfteybuwocb1.gif,2023-07-20 05:20:54+00:00
PoliticalMemes/vpk8k6elowfb1.jpg,2023-08-03 19:48:34+00:00
PoliticalMemes/vrs7c7vi32ab1.jpg,2023-07-06 02:40:39+00:00
PoliticalMemes/vscej74ynxeb1.png,2023-08-01 20:04:42+00:00
PoliticalMemes/vsd3apdyhseb1.jpg,2023-08-01 20:05:06+00:00
PoliticalMemes/vswt3i3c90eb1.jpg,2023-08-01 20:07:22+00:00
PoliticalMemes/vu88qna1g5db1.jpg,2023-07-20 19:48:37+00:00
PoliticalMemes/vw3ec1xs9r4b1.jpg,2023-07-06 02:49:43+00:00
PoliticalMemes/vwdrnilx9meb1.jpg,2023-08-01 20:05:29+00:00
PoliticalMemes/vwrb3fz986eb1.jpg,2023-08-01 20:06:51+00:00
PoliticalMemes/vx15fw1udrbb1.jpg,2023-07-18 06:57:04+00:00
PoliticalMemes/vx1d7v1mp0fb1.jpg,2023-08-01 20:04:21+00:00
PoliticalMemes/vxotpt1bixdb1.png,2023-08-01 20:07:36+00:00
PoliticalMemes/vy49sf20mwfb1.jpg,2023-08-03 19:48:46+00:00
PoliticalMemes/vzK4ieFKqoyTTILLHEVreOpOvGbgc7IFHK8QCBZ-o7Q.jpg?auto=webp&v=enabled&s=6648975be2c7013045955ba13d9733771b920d48,2023-07-06 02:53:06+00:00
PoliticalMemes/w1h9agabye4b1.jpg,2023-07-06 02:50:20+00:00
PoliticalMemes/w2cvxk0t0m3b1.jpg,2023-07-06 02:51:23+00:00
PoliticalMemes/w3kubo4pqdfb1.png,2023-08-01 20:03:34+00:00
PoliticalMemes/w62xkf4f46bb1.jpg,2023-07-18 06:57:29+00:00
PoliticalMemes/w6ilh29yr12b1.png,2023-07-06 02:53:48+00:00
PoliticalMemes/w6wyk8p0rp3b1.jpg,2023-07-06 02:51:12+00:00
PoliticalMemes/w6zqa7d77ecb1.jpg,2023-07-18 06:56:33+00:00
PoliticalMemes/w759bhmowg5b1.jpg,2023-07-06 02:47:52+00:00
PoliticalMemes/w90arpxzyddb1.jpg,2023-07-24 00:07:57+00:00
PoliticalMemes/w9r23wccqa2b1.png,2023-07-06 02:53:25+00:00
PoliticalMemes/wbmewmwh4deb1.jpg,2023-08-01 20:06:19+00:00
PoliticalMemes/wcz6b90tf9eb1.jpg,2023-08-01 20:06:35+00:00
PoliticalMemes/wex1y0qki42b1.png,2023-07-06 02:53:36+00:00
PoliticalMemes/wfagfwgj8s7b1.png,2023-07-06 02:43:59+00:00
PoliticalMemes/wfjtk9nhl03b1.jpg,2023-07-06 02:52:20+00:00
PoliticalMemes/wfo6g7cah0eb1.jpg,2023-08-01 20:07:20+00:00
PoliticalMemes/wfupp14po59b1.jpg,2023-07-06 02:41:53+00:00
PoliticalMemes/wfxcfn79jhbb1.jpg,2023-07-18 06:57:17+00:00
PoliticalMemes/wghj3womezab1.jpg,2023-07-18 06:57:37+00:00
PoliticalMemes/wgmitydp3e5b1.jpg,2023-07-06 02:48:14+00:00
PoliticalMemes/wgmk42v8cjab1.jpg,2023-07-18 06:57:52+00:00
PoliticalMemes/wi0i1pi65fdb1.jpg,2023-07-24 00:07:53+00:00
PoliticalMemes/wi58pa638e5b1.jpg,2023-07-06 02:48:06+00:00
PoliticalMemes/wj4eewnud1cb1.jpg,2023-07-18 06:56:49+00:00
PoliticalMemes/wjy7pkoqc38b1.jpg,2023-07-06 02:43:16+00:00
PoliticalMemes/wmcp0rktpxfb1.png,2023-08-03 19:48:03+00:00
PoliticalMemes/wmmvbn5v2ubb1.jpg,2023-07-18 06:57:00+00:00
PoliticalMemes/wn7hdix11c5b1.jpg,2023-07-06 02:48:15+00:00
PoliticalMemes/wq85ya4eytcb1.jpg,2023-07-20 05:20:42+00:00
PoliticalMemes/wqd49vi8r59b1.jpg,2023-07-06 02:41:51+00:00
PoliticalMemes/wqhr3wljkrdb1.jpg,2023-07-24 00:07:34+00:00
PoliticalMemes/wr12e6ql2h8b1.jpg,2023-07-06 02:42:55+00:00
PoliticalMemes/wr5o963qr69b1.jpg,2023-07-06 02:41:49+00:00
PoliticalMemes/ww7ixswl6i7b1.gif,2023-07-06 02:44:21+00:00
PoliticalMemes/wwdppxn83keb1.jpg,2023-08-01 20:05:45+00:00
PoliticalMemes/wwoe5thv54eb1.jpg,2023-08-01 20:07:07+00:00
PoliticalMemes/wx2t5tqido6b1.jpg,2023-07-06 02:45:28+00:00
PoliticalMemes/wx9l1drt7h4b1.jpg,2023-07-06 02:50:08+00:00
PoliticalMemes/wxkw45gbgw5b1.jpg,2023-07-06 02:46:57+00:00
PoliticalMemes/wylsn8eldjab1.jpg,2023-07-12 19:55:40+00:00
PoliticalMemes/wzt15w3w6jeb1.png,2023-08-01 20:05:48+00:00
PoliticalMemes/x025yjr887ab1.jpg,2023-07-06 02:40:34+00:00
PoliticalMemes/x0c2sk2v6u4b1.jpg,2023-07-06 02:49:32+00:00
PoliticalMemes/x0yxzccoe6db1.jpg,2023-07-24 00:08:06+00:00
PoliticalMemes/x3dpl1bswk9b1.jpg,2023-07-06 02:41:12+00:00
PoliticalMemes/x4fd0an0oy5b1.png,2023-07-06 02:46:48+00:00
PoliticalMemes/x86a2f5fncfb1.jpg,2023-08-01 20:03:45+00:00
PoliticalMemes/x9hhtuq2igdb1.jpg,2023-07-24 00:07:52+00:00
PoliticalMemes/x9hyr71nn28b1.jpg,2023-07-06 02:43:19+00:00
PoliticalMemes/xafv8bg8cz9b1.jpg,2023-07-18 06:57:37+00:00
PoliticalMemes/xahaswgreg2b1.jpg,2023-07-06 02:53:05+00:00
PoliticalMemes/xak1l7ihyibb1.jpg,2023-07-18 06:57:16+00:00
PoliticalMemes/xbefjcokff6b1.jpg,2023-07-06 02:45:54+00:00
PoliticalMemes/xc3jpf6tj12b1.png,2023-07-06 02:53:58+00:00
PoliticalMemes/xc9n4oqift7b1.jpg,2023-07-06 02:43:50+00:00
PoliticalMemes/xc9vkm4fmg6b1.jpg,2023-07-06 02:45:49+00:00
PoliticalMemes/xf9jds0sbn4b1.png,2023-07-06 02:49:55+00:00
PoliticalMemes/xg30j93zwn2b1.jpg,2023-07-06 02:52:44+00:00
PoliticalMemes/xhgy94iuv7cb1.jpg,2023-07-18 06:56:40+00:00
PoliticalMemes/xhn7e0yzso9b1.jpg,2023-07-06 02:40:51+00:00
PoliticalMemes/xhrao1dhwd5b1.jpg,2023-07-06 02:48:14+00:00
PoliticalMemes/xhtisblicf4b1.png,2023-07-06 02:50:19+00:00
PoliticalMemes/xibrjibvb8ab1.jpg,2023-07-06 19:15:18+00:00
PoliticalMemes/xicjy0xn9e5b1.jpg,2023-07-06 02:48:05+00:00
PoliticalMemes/xiil8fpmcn3b1.jpg,2023-07-06 02:51:20+00:00
PoliticalMemes/xix8ja5cosfb1.jpg,2023-08-03 19:49:46+00:00
PoliticalMemes/xk5f1wse6reb1.jpg,2023-08-01 20:05:16+00:00
PoliticalMemes/xm8x2scc7mfb1.png,2023-08-03 19:51:59+00:00
PoliticalMemes/xmbl3xxsrieb1.jpg,2023-08-01 20:05:50+00:00
PoliticalMemes/xnohpr2qkrab1.jpg,2023-07-18 06:57:43+00:00
PoliticalMemes/xo9kn2p7glab1.jpg,2023-07-18 06:57:48+00:00
PoliticalMemes/xq9rzoqks34b1.jpg,2023-07-06 02:50:41+00:00
PoliticalMemes/xqXtD1pOMaavVPnCH1k4RVjpRmAKpXau6NtpCablD-U.jpg?auto=webp&s=2aabf322656f217eea4e8ed1fb78bd9aed2ad954,2023-07-18 06:56:29+00:00
PoliticalMemes/xr1q636vdxfb1.jpg,2023-08-03 19:48:08+00:00
PoliticalMemes/xre3byinxscb1.jpg,2023-07-20 05:20:43+00:00
PoliticalMemes/xsamdnfu88db1.jpg,2023-07-24 00:08:03+00:00
PoliticalMemes/xsoziyvey24b1.jpg,2023-07-06 02:50:36+00:00
PoliticalMemes/xswa99cyi6fb1.jpg,2023-08-01 20:04:00+00:00
PoliticalMemes/xupsleogu78b1.jpg,2023-07-06 02:43:10+00:00
PoliticalMemes/xuz65k5yne8b1.jpg,2023-07-06 02:43:02+00:00
PoliticalMemes/xv9uegv7816b1.jpg,2023-07-06 02:46:41+00:00
PoliticalMemes/xxq7d36hx7bb1.jpg,2023-07-18 06:57:26+00:00
PoliticalMemes/xzngktsc5t7b1.jpg,2023-07-06 02:43:53+00:00
PoliticalMemes/y1y8nxifkr4b1.jpg,2023-07-06 02:49:42+00:00
PoliticalMemes/y3ar43an7jab1.jpg,2023-07-18 06:57:53+00:00
PoliticalMemes/y3g0zw8f5g5b1.jpg,2023-07-06 02:47:57+00:00
PoliticalMemes/y3lmvmh5oo6b1.jpg,2023-07-06 02:45:27+00:00
PoliticalMemes/y46e1p0qvx2b1.png,2023-07-06 02:52:13+00:00
PoliticalMemes/y7cp28jvajbb1.jpg,2023-07-18 06:57:15+00:00
PoliticalMemes/y7zyccqujtdb1.jpg,2023-08-01 20:07:52+00:00
PoliticalMemes/y8sjzei29m9b1.jpg,2023-07-06 02:41:06+00:00
PoliticalMemes/ya9SQNxwJ8jeFgBvRqTbvwOTGqdrejc2IgDvHSwty2c.png?format=pjpg&auto=webp&v=enabled&s=1cf9eeee7199c2b3cfd445012ff92e70ba87c3ac,2023-07-06 02:49:58+00:00
PoliticalMemes/yaaoi9y1bkcb1.jpg,2023-07-18 06:56:25+00:00
PoliticalMemes/yapnuitzj72b1.jpg,2023-07-06 02:53:33+00:00
PoliticalMemes/ybsd3grzo29b1.jpg,2023-07-06 02:42:01+00:00
PoliticalMemes/ybvvqr2r0rab1.jpg,2023-07-18 06:57:44+00:00
PoliticalMemes/ydmwmgdzsi7b1.jpg,2023-07-06 02:44:17+00:00
PoliticalMemes/ydy1ql0llkfb1.jpg,2023-08-03 19:53:28+00:00
PoliticalMemes/yelhcxjxiu2b1.jpg,2023-07-06 02:52:25+00:00
PoliticalMemes/yeyz36v7zu9b1.jpg,2023-07-06 02:40:47+00:00
PoliticalMemes/yf9fi95orp5b1.jpg,2023-07-06 02:47:23+00:00
PoliticalMemes/yffc5opard9b1.jpg,2023-07-06 02:41:23+00:00
PoliticalMemes/yfgf0bwg4mcb1.jpg,2023-07-18 06:56:20+00:00
PoliticalMemes/yga5gst8gs7b1.jpg,2023-07-06 02:43:57+00:00
PoliticalMemes/yh92723nrtdb1.jpg,2023-08-01 20:07:50+00:00
PoliticalMemes/yhdfsi6637ab1.jpg,2023-07-06 02:40:35+00:00
PoliticalMemes/yiyjgr1qgkfb1.jpg,2023-08-03 19:53:36+00:00
PoliticalMemes/yjnmylrtyfcb1.jpg,2023-07-18 06:56:30+00:00
PoliticalMemes/yk6wzojo5n5b1.gif,2023-07-06 02:47:34+00:00
PoliticalMemes/yk9ef3apa42b1.png,2023-07-06 02:53:43+00:00
PoliticalMemes/ykguvccy839b1.jpg,2023-07-06 02:41:59+00:00
PoliticalMemes/yl6t9tsyskcb1.jpg,2023-07-18 06:56:22+00:00
PoliticalMemes/ylj1cwvm2m4b1.jpg,2023-07-06 02:50:00+00:00
PoliticalMemes/ylssfvw735fb1.jpg,2023-08-01 20:04:06+00:00
PoliticalMemes/ym9gghcemu8b1.jpg,2023-07-06 02:42:25+00:00
PoliticalMemes/yqfm7g0ant4b1.jpg,2023-07-06 02:49:32+00:00
PoliticalMemes/yqlpxz3kuddb1.jpg,2023-07-24 00:07:58+00:00
PoliticalMemes/ys1jvwho2deb1.jpg,2023-08-01 20:06:21+00:00
PoliticalMemes/ytz9foaxtp4b1.jpg,2023-07-06 02:49:43+00:00
PoliticalMemes/yu6kldx3izdb1.jpg,2023-08-01 20:05:36+00:00
PoliticalMemes/yu9iuxjzmbcb1.jpg,2023-07-18 06:56:37+00:00
PoliticalMemes/yum9llix7scb1.jpg,2023-07-20 05:20:46+00:00
PoliticalMemes/ywbrg4c8ptab1.jpg,2023-07-18 06:57:41+00:00
PoliticalMemes/ywubwe7h4s4b1.jpg,2023-07-06 02:49:41+00:00
PoliticalMemes/yyupu9pgpjeb1.jpg,2023-08-01 20:05:45+00:00
PoliticalMemes/yz1kgndck29b1.jpg,2023-07-06 02:42:02+00:00
PoliticalMemes/z1w1c1m5z7db1.jpg,2023-07-21 19:48:59+00:00
PoliticalMemes/z2u92ccf7m8b1.jpg,2023-07-06 02:42:45+00:00
PoliticalMemes/z3c42wy1zy7b1.jpg,2023-07-06 02:43:42+00:00
PoliticalMemes/z4dq9x53083b1.jpg,2023-07-06 02:51:58+00:00
PoliticalMemes/z4tomkkw1ffb1.jpg,2023-08-01 20:03:25+00:00
PoliticalMemes/z5v13u30rueb1.jpg,2023-08-01 20:04:59+00:00
PoliticalMemes/z77ntii31rab1.jpg,2023-07-18 06:57:44+00:00
PoliticalMemes/z84p39ryfl2b1.png,2023-07-06 02:52:50+00:00
PoliticalMemes/z95mwvtl5l9b1.jpg,2023-07-06 02:41:11+00:00
PoliticalMemes/z9dxcupvae7b1.jpg,2023-07-06 02:44:32+00:00
PoliticalMemes/za2ai6lgcdbb1.jpg,2023-07-18 06:57:20+00:00
PoliticalMemes/za2h13s0nvdb1.png,2023-08-01 20:07:42+00:00
PoliticalMemes/za9t5mrb203b1.jpg,2023-07-06 02:52:21+00:00
PoliticalMemes/zahs0sfs0jeb1.jpg,2023-07-29 19:53:56+00:00
PoliticalMemes/zaorrhcqqu7b1.jpg,2023-07-06 02:43:50+00:00
PoliticalMemes/zdatbdr8mh5b1.jpg,2023-07-06 02:47:50+00:00
PoliticalMemes/zdujry15w1ab1.jpg,2023-07-06 02:40:39+00:00
PoliticalMemes/zebswu7c2ueb1.jpg,2023-08-01 20:05:03+00:00
PoliticalMemes/zedgbfver6cb1.jpg,2023-07-18 06:56:41+00:00
PoliticalMemes/zfl1fsud85cb1.jpg,2023-07-18 06:56:43+00:00
PoliticalMemes/zfnn74553dfb1.png,2023-08-01 20:03:38+00:00
PoliticalMemes/zg0qaix24j4b1.jpg,2023-07-06 02:50:04+00:00
PoliticalMemes/zgdahhvis6eb1.jpg,2023-08-01 20:06:44+00:00
PoliticalMemes/zgmpplar5dfb1.jpg,2023-08-01 20:03:37+00:00
PoliticalMemes/zhs1jwss0j4b1.png,2023-07-06 02:50:05+00:00
PoliticalMemes/zl2hs523ha3b1.jpg,2023-07-06 02:51:49+00:00
PoliticalMemes/zl5jfqigl42b1.jpg,2023-07-06 02:53:41+00:00
PoliticalMemes/zmon0iobg5fb1.jpg,2023-08-01 20:04:04+00:00
PoliticalMemes/zmua4bh665bb1.jpg,2023-07-18 06:57:31+00:00
PoliticalMemes/zni2g4qs3q8b1.jpg,2023-07-06 02:42:35+00:00
PoliticalMemes/zpkpdee9887b1.jpg,2023-07-06 02:44:30+00:00
PoliticalMemes/zpvlh2o9b84b1.jpg,2023-07-06 02:50:30+00:00
PoliticalMemes/zpx4gbrnqbeb1.jpg,2023-08-01 20:06:27+00:00
PoliticalMemes/zry686no355b1.gif,2023-07-06 02:48:35+00:00
PoliticalMemes/zvo6oakrc4fb1.jpg,2023-08-01 20:04:12+00:00
PoliticalMemes/zw4lkk5fj6eb1.jpg,2023-08-01 20:06:47+00:00
PoliticalMemes/zyrqh1ar087b1.jpg,2023-07-06 02:44:46+00:00
PoliticalMemes/zz0b888jnqcb1.png,2023-07-20 05:20:49+00:00
PoliticalMemes/zz4m578gm67b1.png,2023-07-06 02:44:51+00:00
PoliticalMemes/zz5d8y5hym9b1.png,2023-07-06 02:41:05+00:00
